Date,Price
2005-01-28,2.6210000000000004
2005-01-31,2.529
2005-02-01,2.5780000000000003
2005-02-02,2.582
2005-02-03,2.631
2005-02-04,2.6060000000000003
2005-02-05,2.602
2005-02-06,2.584
2005-02-07,2.591
2005-02-08,2.5540000000000003
2005-02-16,2.44
2005-02-17,2.435
2005-02-18,2.345
2005-02-21,2.3040000000000003
2005-02-22,2.345
2005-02-23,2.102
2005-02-24,2.283
2005-02-25,2.321
2005-03-01,2.182
2005-03-02,2.09
2005-03-03,2.036
2005-03-04,2.11
2005-03-07,1.908
2005-03-08,1.957
2005-03-09,2.028
2005-03-10,1.905
2005-03-11,2.062
2005-03-14,2.043
2005-03-15,2.037
2005-03-16,2.089
2005-03-17,2.06
2005-03-18,1.826
2005-03-25,1.989
2005-03-29,1.821
2005-03-30,2.024
2005-03-31,2.011
2005-04-01,1.933
2005-04-04,2.013
2005-04-05,1.927
2005-04-06,1.962
2005-04-07,1.857
2005-04-08,1.889
2005-04-11,1.833
2005-04-12,1.716
2005-04-13,1.779
2005-04-14,1.716
2005-04-15,1.764
2005-04-18,1.931
2005-04-19,1.895
2005-04-20,1.89
2005-04-21,1.851
2005-04-22,1.862
2005-04-25,1.936
2005-04-26,1.955
2005-04-27,1.934
2005-04-28,1.989
2005-04-29,1.973
2005-04-30,1.965
2005-05-08,1.967
2005-05-09,1.986
2005-05-10,2.03
2005-05-11,2.015
2005-05-12,2.022
2005-05-13,2.062
2005-05-16,1.84
2005-05-17,1.868
2005-05-18,1.849
2005-05-20,1.901
2005-05-23,1.969
2005-05-25,2.028
2005-05-26,1.816
2005-05-27,1.789
2005-05-30,1.912
2005-05-31,1.702
2005-06-01,1.736
2005-06-02,1.774
2005-06-03,1.805
2005-06-06,1.794
2005-06-07,1.719
2005-06-08,1.68
2005-06-09,1.634
2005-06-10,1.555
2005-06-13,1.636
2005-06-14,1.5219999999999998
2005-06-15,1.4880000000000002
2005-06-21,1.494
2005-06-22,1.386
2005-06-23,1.39
2005-06-24,1.409
2005-06-27,1.466
2005-06-28,1.521
2005-06-29,1.531
2005-06-30,1.575
2005-07-01,1.5759999999999998
2005-07-04,1.531
2005-07-05,1.568
2005-07-06,1.445
2005-07-07,1.534
2005-07-08,1.5319999999999998
2005-07-11,1.587
2005-07-12,1.253
2005-07-13,1.315
2005-07-14,1.376
2005-07-15,1.367
2005-07-18,1.365
2005-07-19,1.337
2005-07-20,1.412
2005-07-21,1.421
2005-07-22,1.454
2005-07-25,1.543
2005-07-26,1.531
2005-07-27,1.426
2005-07-28,1.5219999999999998
2005-07-29,1.503
2005-08-01,1.459
2005-08-02,1.45
2005-08-03,1.399
2005-08-04,1.358
2005-08-05,1.423
2005-08-08,1.272
2005-08-09,1.231
2005-08-10,1.36
2005-08-11,1.262
2005-08-12,1.29
2005-08-15,1.272
2005-08-16,1.361
2005-08-17,1.354
2005-08-18,1.276
2005-08-19,1.325
2005-08-22,1.27
2005-08-23,1.286
2005-08-24,1.298
2005-08-25,1.339
2005-08-26,1.375
2005-08-29,1.356
2005-08-30,1.3730000000000002
2005-08-31,1.402
2005-09-01,1.315
2005-09-02,1.274
2005-09-05,1.402
2005-09-06,1.389
2005-09-07,1.2919999999999998
2005-09-08,1.286
2005-09-09,1.298
2005-09-12,1.381
2005-09-13,1.339
2005-09-14,1.263
2005-09-15,1.3159999999999998
2005-09-16,1.161
2005-09-19,1.265
2005-09-20,1.297
2005-09-23,1.274
2005-09-26,1.259
2005-09-27,1.29
2005-09-28,1.289
2005-09-29,1.247
2005-09-30,1.248
2005-10-08,1.232
2005-10-09,1.294
2005-10-10,1.207
2005-10-11,1.232
2005-10-14,1.182
2005-10-18,1.33
2005-10-19,1.301
2005-10-20,1.345
2005-10-21,1.35
2005-10-24,1.314
2005-10-25,1.3430000000000002
2005-10-26,1.382
2005-10-27,1.3630000000000002
2005-10-31,1.127
2005-11-01,1.222
2005-11-03,1.095
2005-11-04,0.989
2005-11-08,1.2
2005-11-11,1.31
2005-11-21,1.262
2005-11-22,1.354
2005-11-23,1.39
2005-11-24,1.426
2005-11-25,1.786
2005-11-28,1.774
2005-11-29,1.805
2005-12-01,1.951
2005-12-02,1.936
2005-12-05,1.941
2005-12-06,1.918
2005-12-07,1.985
2005-12-08,1.933
2005-12-09,1.954
2005-12-12,1.924
2005-12-13,1.785
2005-12-15,1.852
2005-12-16,1.847
2005-12-19,1.88
2005-12-20,1.783
2005-12-21,1.826
2005-12-27,1.477
2005-12-28,1.494
2005-12-29,1.511
2005-12-30,1.544
2005-12-31,1.482
2006-01-04,1.513
2006-01-05,1.465
2006-01-06,1.534
2006-01-09,1.4509999999999998
2006-01-10,1.539
2006-01-11,1.545
2006-01-12,1.462
2006-01-13,1.523
2006-01-16,1.555
2006-01-17,1.426
2006-01-18,1.5519999999999998
2006-01-19,1.4269999999999998
2006-01-20,1.4369999999999998
2006-01-23,1.4680000000000002
2006-01-24,1.446
2006-01-25,1.414
2006-01-26,1.6230000000000002
2006-01-27,1.6
2006-01-28,1.601
2006-02-05,1.608
2006-02-06,1.587
2006-02-07,1.607
2006-02-08,1.534
2006-02-21,1.57
2006-02-23,1.5490000000000002
2006-02-27,1.516
2006-03-07,1.871
2006-03-13,1.717
2006-03-14,1.7619999999999998
2006-03-16,1.767
2006-03-17,1.595
2006-03-20,1.6130000000000002
2006-03-21,1.604
2006-03-22,1.735
2006-03-23,1.679
2006-03-24,1.709
2006-03-27,1.757
2006-03-28,1.704
2006-03-29,1.7080000000000002
2006-03-30,1.737
2006-03-31,1.715
2006-04-03,1.736
2006-04-04,1.743
2006-04-05,1.793
2006-04-06,1.778
2006-04-07,1.773
2006-04-10,1.719
2006-04-11,1.724
2006-04-12,1.7280000000000002
2006-04-13,1.724
2006-04-14,1.7280000000000002
2006-04-17,1.734
2006-04-18,1.759
2006-04-19,1.768
2006-04-20,1.847
2006-04-21,1.849
2006-04-24,1.6780000000000002
2006-04-25,1.6980000000000002
2006-04-26,1.873
2006-04-27,1.953
2006-04-28,1.953
2006-04-29,1.95
2006-05-08,1.664
2006-05-09,1.6469999999999998
2006-05-10,1.642
2006-05-11,1.668
2006-05-12,1.837
2006-05-15,1.723
2006-05-16,1.705
2006-05-17,1.705
2006-05-18,1.781
2006-05-19,1.791
2006-05-22,1.6909999999999998
2006-05-23,1.6769999999999998
2006-05-25,1.973
2006-05-26,2.057
2006-05-29,1.933
2006-05-30,1.946
2006-05-31,1.942
2006-06-01,1.943
2006-06-02,1.7380000000000002
2006-06-05,1.901
2006-06-06,1.894
2006-06-07,1.913
2006-06-08,2.108
2006-06-09,2.111
2006-06-12,2.122
2006-06-13,2.143
2006-06-14,2.13
2006-06-15,2.151
2006-06-16,2.32
2006-06-19,2.242
2006-06-23,2.031
2006-06-26,2.029
2006-06-27,2.004
2006-06-28,1.982
2006-06-29,2.003
2006-06-30,2.047
2006-07-03,2.032
2006-07-04,2.022
2006-07-05,2.062
2006-07-06,2.074
2006-07-07,1.996
2006-07-10,1.966
2006-07-11,1.995
2006-07-12,2.09
2006-07-13,1.919
2006-07-14,1.893
2006-07-17,2.036
2006-07-18,2.035
2006-07-19,2.026
2006-07-20,2.0780000000000003
2006-07-21,2.063
2006-07-24,2.068
2006-07-25,2.079
2006-07-26,2.128
2006-07-27,2.217
2006-07-28,2.213
2006-07-31,2.209
2006-08-01,2.1
2006-08-02,2.36
2006-08-03,2.309
2006-08-04,2.305
2006-08-07,2.324
2006-08-08,2.353
2006-08-09,2.248
2006-08-10,2.252
2006-08-11,2.254
2006-08-14,2.254
2006-08-15,2.233
2006-08-16,2.237
2006-08-17,2.231
2006-08-18,2.067
2006-08-21,2.031
2006-08-22,2.08
2006-08-23,2.119
2006-08-24,2.201
2006-08-25,2.174
2006-08-28,2.2230000000000003
2006-08-29,2.233
2006-08-30,2.199
2006-08-31,2.15
2006-09-01,2.146
2006-09-04,2.148
2006-09-05,2.045
2006-09-06,2.053
2006-09-07,2.074
2006-09-08,2.074
2006-09-11,2.07
2006-09-12,2.061
2006-09-13,2.059
2006-09-14,2.083
2006-09-15,2.094
2006-09-18,2.0580000000000003
2006-09-19,2.06
2006-09-20,2.055
2006-09-21,2.031
2006-09-22,2.037
2006-09-25,2.095
2006-09-26,2.002
2006-09-27,2.093
2006-09-28,1.991
2006-09-29,2.072
2006-09-30,2.072
2006-10-08,2.048
2006-10-09,2.091
2006-10-10,2.007
2006-10-11,2.006
2006-10-12,2.005
2006-10-13,2.006
2006-10-16,2.011
2006-10-17,2.014
2006-10-18,2.014
2006-10-19,2.009
2006-10-20,2.007
2006-10-23,2.005
2006-10-24,2.005
2006-10-25,2.004
2006-10-26,2.006
2006-10-27,2.01
2006-10-30,2.01
2006-10-31,2.013
2006-11-01,2.015
2006-11-02,2.015
2006-11-03,2.015
2006-11-06,2.04
2006-11-07,2.044
2006-11-08,2.046
2006-11-09,2.047
2006-11-10,2.047
2006-11-13,2.055
2006-11-14,2.057
2006-11-15,2.0580000000000003
2006-11-16,2.063
2006-11-17,2.06
2006-11-20,2.087
2006-11-21,2.125
2006-11-22,2.1
2006-11-23,2.101
2006-11-24,2.101
2006-11-27,2.102
2006-11-28,2.115
2006-11-29,2.129
2006-11-30,2.0780000000000003
2006-12-01,2.065
2006-12-04,2.131
2006-12-05,2.132
2006-12-06,2.096
2006-12-07,2.096
2006-12-08,2.095
2006-12-11,2.108
2006-12-12,2.109
2006-12-13,2.136
2006-12-14,2.096
2006-12-15,2.151
2006-12-18,2.112
2006-12-19,2.153
2006-12-20,2.107
2006-12-21,2.193
2006-12-22,2.197
2006-12-25,2.157
2006-12-26,2.087
2006-12-27,2.158
2006-12-28,2.145
2006-12-29,2.188
2006-12-30,2.162
2006-12-31,2.1180000000000003
2007-01-04,2.079
2007-01-05,2.077
2007-01-08,2.059
2007-01-09,2.15
2007-01-10,2.066
2007-01-11,2.05
2007-01-12,2.045
2007-01-15,2.03
2007-01-16,2.03
2007-01-17,2.031
2007-01-18,2.016
2007-01-19,1.994
2007-01-22,2.0
2007-01-23,2.0
2007-01-24,1.998
2007-01-25,2.069
2007-01-26,1.999
2007-01-29,2.069
2007-01-30,2.002
2007-01-31,2.05
2007-02-01,2.073
2007-02-02,2.039
2007-02-05,2.01
2007-02-06,2.01
2007-02-07,2.103
2007-02-08,2.104
2007-02-09,2.105
2007-02-12,2.108
2007-02-13,2.231
2007-02-14,2.2
2007-02-15,2.173
2007-02-16,2.174
2007-02-17,2.157
2007-02-25,2.132
2007-02-26,2.022
2007-02-27,2.1
2007-02-28,2.075
2007-03-01,2.166
2007-03-02,2.2
2007-03-05,2.119
2007-03-06,2.2
2007-03-07,2.08
2007-03-08,2.099
2007-03-09,2.111
2007-03-12,2.109
2007-03-13,2.091
2007-03-14,2.077
2007-03-15,2.105
2007-03-16,2.147
2007-03-19,2.151
2007-03-20,2.08
2007-03-21,2.195
2007-03-22,2.1830000000000003
2007-03-23,2.12
2007-03-26,2.175
2007-03-27,2.293
2007-03-28,2.293
2007-03-29,2.3
2007-03-30,2.274
2007-04-02,2.199
2007-04-03,2.3
2007-04-04,2.199
2007-04-05,2.21
2007-04-06,2.297
2007-04-09,2.298
2007-04-10,2.299
2007-04-11,2.31
2007-04-12,2.3
2007-04-13,2.311
2007-04-16,2.293
2007-04-17,2.302
2007-04-18,2.293
2007-04-19,2.192
2007-04-20,2.59
2007-04-23,2.59
2007-04-24,2.294
2007-04-25,2.294
2007-04-26,2.295
2007-04-27,2.293
2007-04-28,2.297
2007-04-29,2.343
2007-04-30,2.272
2007-05-08,2.5580000000000003
2007-05-09,2.301
2007-05-10,2.273
2007-05-11,2.572
2007-05-14,2.573
2007-05-15,2.573
2007-05-16,2.342
2007-05-17,2.293
2007-05-18,2.331
2007-05-21,2.314
2007-05-22,2.399
2007-05-23,2.4
2007-05-24,2.5860000000000003
2007-05-25,2.436
2007-05-28,2.592
2007-05-29,2.594
2007-05-30,2.441
2007-05-31,2.597
2007-06-01,2.5980000000000003
2007-06-04,2.371
2007-06-05,2.474
2007-06-06,2.372
2007-06-07,2.441
2007-06-08,2.411
2007-06-11,2.414
2007-06-12,2.496
2007-06-13,2.411
2007-06-14,2.634
2007-06-15,2.419
2007-06-18,2.422
2007-06-19,2.541
2007-06-20,2.65
2007-06-21,2.649
2007-06-22,2.555
2007-06-25,2.637
2007-06-26,2.698
2007-06-27,2.679
2007-06-28,2.4330000000000003
2007-06-29,2.654
2007-07-02,2.654
2007-07-03,2.83
2007-07-04,2.649
2007-07-05,2.65
2007-07-06,2.6830000000000003
2007-07-09,2.448
2007-07-10,2.448
2007-07-11,2.45
2007-07-12,2.45
2007-07-13,2.753
2007-07-16,2.76
2007-07-17,2.989
2007-07-18,2.992
2007-07-19,2.842
2007-07-20,2.992
2007-07-23,2.995
2007-07-24,2.915
2007-07-25,2.893
2007-07-26,2.821
2007-07-27,2.894
2007-07-30,2.822
2007-07-31,2.827
2007-08-01,2.886
2007-08-02,2.887
2007-08-03,2.923
2007-08-06,3.011
2007-08-07,2.926
2007-08-08,2.891
2007-08-09,2.892
2007-08-10,2.892
2007-08-13,2.8510000000000004
2007-08-14,2.85
2007-08-15,2.75
2007-08-16,2.897
2007-08-17,2.75
2007-08-20,2.9
2007-08-21,2.901
2007-08-22,2.901
2007-08-23,2.9530000000000003
2007-08-24,2.84
2007-08-27,2.905
2007-08-28,2.984
2007-08-29,2.985
2007-08-30,2.95
2007-08-31,2.987
2007-09-03,2.991
2007-09-04,2.94
2007-09-05,3.103
2007-09-06,2.995
2007-09-07,3.107
2007-09-10,3.0
2007-09-11,3.113
2007-09-12,3.091
2007-09-13,2.9810000000000003
2007-09-14,2.95
2007-09-17,3.0
2007-09-18,3.124
2007-09-19,3.0
2007-09-20,3.152
2007-09-21,2.999
2007-09-24,3.159
2007-09-25,3.136
2007-09-26,3.0
2007-09-27,3.165
2007-09-28,3.05
2007-09-29,3.161
2007-10-08,3.122
2007-10-09,3.1260000000000003
2007-10-10,3.1260000000000003
2007-10-11,3.193
2007-10-12,3.195
2007-10-15,3.148
2007-10-16,3.214
2007-10-17,3.057
2007-10-18,3.165
2007-10-19,3.03
2007-10-22,3.214
2007-10-23,3.216
2007-10-24,3.219
2007-10-25,3.15
2007-10-26,3.21
2007-10-29,3.682
2007-10-30,3.684
2007-10-31,3.684
2007-11-01,3.688
2007-11-02,3.694
2007-11-05,3.781
2007-11-06,3.781
2007-11-07,3.37
2007-11-08,3.369
2007-11-09,3.796
2007-11-12,3.796
2007-11-13,3.5
2007-11-14,3.8
2007-11-15,3.803
2007-11-16,3.5
2007-11-19,3.562
2007-11-20,3.562
2007-11-21,4.2010000000000005
2007-11-22,3.568
2007-11-23,3.568
2007-11-26,4.052
2007-11-27,3.78
2007-11-28,4.228
2007-11-29,3.503
2007-11-30,3.503
2007-12-03,3.589
2007-12-04,3.591
2007-12-05,3.591
2007-12-06,3.993
2007-12-07,3.809
2007-12-10,4.007
2007-12-11,4.01
2007-12-12,3.823
2007-12-13,3.757
2007-12-14,3.7
2007-12-17,3.657
2007-12-18,3.659
2007-12-19,3.69
2007-12-20,4.047
2007-12-21,4.047
2007-12-24,3.674
2007-12-25,3.995
2007-12-26,3.995
2007-12-27,3.76
2007-12-28,3.657
2007-12-29,3.751
2008-01-02,3.795
2008-01-03,3.718
2008-01-04,3.63
2008-01-07,3.751
2008-01-08,3.695
2008-01-09,3.717
2008-01-10,3.75
2008-01-11,3.579
2008-01-14,3.716
2008-01-15,3.594
2008-01-16,3.704
2008-01-17,3.75
2008-01-18,3.704
2008-01-21,3.556
2008-01-22,3.868
2008-01-23,3.868
2008-01-24,3.552
2008-01-25,3.703
2008-01-28,3.529
2008-01-29,3.478
2008-01-30,3.548
2008-01-31,3.87
2008-02-01,3.871
2008-02-02,3.498
2008-02-03,3.401
2008-02-04,3.872
2008-02-05,3.872
2008-02-13,3.399
2008-02-14,3.341
2008-02-15,3.499
2008-02-18,3.3360000000000003
2008-02-19,3.397
2008-02-20,3.3960000000000004
2008-02-21,3.449
2008-02-22,3.482
2008-02-25,3.3760000000000003
2008-02-26,3.504
2008-02-27,3.504
2008-02-28,3.4
2008-02-29,3.373
2008-03-03,3.397
2008-03-04,3.3680000000000003
2008-03-05,3.3480000000000003
2008-03-06,3.3
2008-03-07,3.346
2008-03-10,3.342
2008-03-11,3.34
2008-03-12,3.237
2008-03-13,3.249
2008-03-14,3.234
2008-03-17,3.394
2008-03-18,3.218
2008-03-19,3.279
2008-03-20,3.207
2008-03-21,3.205
2008-03-24,3.1460000000000004
2008-03-25,3.193
2008-03-26,3.15
2008-03-27,3.149
2008-03-28,3.218
2008-03-31,3.213
2008-04-01,3.218
2008-04-02,3.127
2008-04-03,3.299
2008-04-07,3.099
2008-04-08,3.099
2008-04-09,3.096
2008-04-10,3.113
2008-04-11,3.299
2008-04-14,3.076
2008-04-15,3.1
2008-04-16,3.217
2008-04-17,3.0660000000000003
2008-04-18,3.099
2008-04-21,3.052
2008-04-22,3.075
2008-04-23,3.071
2008-04-24,3.06
2008-04-25,3.2880000000000003
2008-04-28,3.196
2008-04-29,3.095
2008-04-30,3.063
2008-05-04,3.063
2008-05-05,3.253
2008-05-06,3.063
2008-05-07,3.05
2008-05-08,3.059
2008-05-09,3.047
2008-05-12,3.2460000000000004
2008-05-13,3.096
2008-05-14,2.998
2008-05-15,3.088
2008-05-16,3.075
2008-05-19,3.071
2008-05-20,3.05
2008-05-21,3.063
2008-05-22,3.05
2008-05-23,3.0460000000000003
2008-05-26,3.0410000000000004
2008-05-27,3.019
2008-05-28,3.09
2008-05-29,2.931
2008-05-30,3.077
2008-06-02,3.075
2008-06-03,2.987
2008-06-04,2.8680000000000003
2008-06-05,3.116
2008-06-06,3.048
2008-06-10,3.196
2008-06-11,3.196
2008-06-12,3.2960000000000003
2008-06-13,3.611
2008-06-16,3.608
2008-06-17,3.2960000000000003
2008-06-18,3.602
2008-06-19,3.25
2008-06-20,3.2510000000000003
2008-06-23,2.89
2008-06-24,3.3
2008-06-25,3.249
2008-06-26,3.3
2008-06-27,3.4210000000000003
2008-06-30,3.375
2008-07-01,3.3710000000000004
2008-07-02,3.3
2008-07-03,3.3
2008-07-04,3.408
2008-07-07,3.634
2008-07-08,3.635
2008-07-09,3.533
2008-07-10,3.5
2008-07-11,3.579
2008-07-14,3.5
2008-07-15,3.5
2008-07-16,3.5
2008-07-17,3.5
2008-07-18,3.5810000000000004
2008-07-21,3.499
2008-07-22,3.499
2008-07-23,3.5810000000000004
2008-07-24,3.499
2008-07-25,3.499
2008-07-28,3.499
2008-07-29,3.523
2008-07-30,3.499
2008-07-31,3.583
2008-08-01,3.475
2008-08-04,3.572
2008-08-05,3.479
2008-08-06,3.645
2008-08-07,3.584
2008-08-08,3.523
2008-08-11,3.69
2008-08-12,3.787
2008-08-13,3.69
2008-08-14,3.602
2008-08-15,3.712
2008-08-18,3.682
2008-08-19,3.686
2008-08-20,3.69
2008-08-21,3.7
2008-08-22,3.712
2008-08-25,3.84
2008-08-26,3.727
2008-08-27,3.506
2008-08-28,3.51
2008-08-29,3.49
2008-09-01,3.523
2008-09-02,3.603
2008-09-03,3.53
2008-09-04,3.499
2008-09-05,3.5610000000000004
2008-09-08,3.504
2008-09-09,3.565
2008-09-10,3.344
2008-09-11,3.346
2008-09-12,3.359
2008-09-16,3.362
2008-09-17,3.248
2008-09-18,3.148
2008-09-19,3.409
2008-09-22,3.249
2008-09-23,3.45
2008-09-24,3.45
2008-09-25,3.248
2008-09-26,3.347
2008-09-27,3.2430000000000003
2008-09-28,3.286
2008-10-06,3.35
2008-10-07,3.45
2008-10-08,3.2
2008-10-09,3.0
2008-10-10,2.742
2008-10-13,2.999
2008-10-14,2.779
2008-10-15,2.794
2008-10-16,2.998
2008-10-17,3.0
2008-10-20,2.765
2008-10-21,2.819
2008-10-22,2.761
2008-10-23,2.759
2008-10-24,2.65
2008-10-27,2.735
2008-10-28,2.708
2008-10-29,2.695
2008-10-30,2.651
2008-10-31,2.6
2008-11-03,2.57
2008-11-04,2.537
2008-11-05,2.898
2008-11-06,2.713
2008-11-07,2.502
2008-11-10,2.497
2008-11-11,2.29
2008-11-12,2.517
2008-11-13,2.25
2008-11-14,2.6910000000000003
2008-11-17,2.1
2008-11-18,2.196
2008-11-19,2.139
2008-11-20,2.252
2008-11-21,2.076
2008-11-24,2.099
2008-11-25,2.158
2008-11-26,2.15
2008-11-27,1.891
2008-11-28,1.75
2008-12-01,2.001
2008-12-02,1.7
2008-12-03,1.896
2008-12-04,1.599
2008-12-05,1.391
2008-12-08,1.4
2008-12-09,1.879
2008-12-10,1.597
2008-12-11,1.596
2008-12-12,1.589
2008-12-15,1.3
2008-12-16,1.3
2008-12-17,1.2
2008-12-18,1.346
2008-12-19,1.2
2008-12-22,1.2
2008-12-23,1.2
2008-12-24,1.045
2008-12-25,1.12
2008-12-26,1.034
2008-12-29,1.115
2008-12-30,1.095
2008-12-31,1.09
2009-01-04,1.133
2009-01-05,1.041
2009-01-06,1.122
2009-01-07,1.139
2009-01-08,1.115
2009-01-09,1.079
2009-01-12,1.094
2009-01-13,1.044
2009-01-14,1.094
2009-01-15,1.05
2009-01-16,1.164
2009-01-19,1.094
2009-01-20,1.149
2009-01-21,1.15
2009-01-22,1.15
2009-01-23,1.13
2009-01-24,1.158
2009-02-01,1.094
2009-02-02,1.179
2009-02-03,1.089
2009-02-04,1.089
2009-02-05,1.097
2009-02-06,1.239
2009-02-09,1.099
2009-02-10,1.0590000000000002
2009-02-11,1.093
2009-02-12,1.099
2009-02-13,1.098
2009-02-16,1.065
2009-02-17,1.099
2009-02-18,1.099
2009-02-19,1.06
2009-02-20,1.047
2009-02-23,1.046
2009-02-24,1.099
2009-02-25,1.099
2009-02-26,1.0590000000000002
2009-02-27,1.097
2009-03-02,1.1
2009-03-03,1.116
2009-03-04,1.092
2009-03-05,1.116
2009-03-06,1.0759999999999998
2009-03-09,1.196
2009-03-10,1.034
2009-03-11,1.013
2009-03-12,1.046
2009-03-13,1.1
2009-03-16,1.1
2009-03-17,1.096
2009-03-18,1.091
2009-03-19,1.046
2009-03-20,1.1
2009-03-23,1.045
2009-03-24,1.1
2009-03-25,1.071
2009-03-26,1.045
2009-03-27,1.037
2009-03-30,1.093
2009-03-31,1.045
2009-04-01,1.095
2009-04-02,1.091
2009-04-03,1.037
2009-04-07,1.099
2009-04-08,1.015
2009-04-09,0.995
2009-04-10,1.117
2009-04-13,1.096
2009-04-14,1.018
2009-04-15,1.126
2009-04-16,1.095
2009-04-17,1.1
2009-04-20,1.077
2009-04-21,1.099
2009-04-22,1.125
2009-04-23,0.953
2009-04-24,1.0759999999999998
2009-04-27,1.1
2009-04-28,1.045
2009-04-29,1.1
2009-04-30,1.111
2009-05-04,1.101
2009-05-05,1.15
2009-05-06,1.054
2009-05-07,1.054
2009-05-08,1.069
2009-05-11,1.13
2009-05-12,1.13
2009-05-13,1.212
2009-05-14,1.005
2009-05-15,1.114
2009-05-18,1.13
2009-05-19,1.13
2009-05-20,1.101
2009-05-21,1.13
2009-05-22,0.9
2009-05-25,1.03
2009-05-26,1.05
2009-05-27,1.13
2009-05-31,1.13
2009-06-01,0.96
2009-06-02,1.13
2009-06-03,1.13
2009-06-04,1.13
2009-06-05,1.05
2009-06-08,1.13
2009-06-09,0.995
2009-06-10,1.13
2009-06-11,1.13
2009-06-12,1.05
2009-06-15,1.13
2009-06-16,1.13
2009-06-17,1.13
2009-06-18,1.13
2009-06-19,1.06
2009-06-22,1.13
2009-06-23,0.98
2009-06-24,0.997
2009-06-25,1.13
2009-06-26,1.0
2009-06-29,1.0
2009-06-30,1.0
2009-07-01,1.031
2009-07-02,1.031
2009-07-03,1.0
2009-07-06,1.05
2009-07-07,0.951
2009-07-08,1.08
2009-07-09,1.16
2009-07-10,1.03
2009-07-13,1.03
2009-07-14,1.4
2009-07-15,1.2
2009-07-16,1.05
2009-07-17,1.37
2009-07-20,1.37
2009-07-21,1.37
2009-07-22,1.3
2009-07-23,1.37
2009-07-24,1.72
2009-07-27,1.7
2009-07-28,1.62
2009-07-29,1.75
2009-07-30,1.57
2009-07-31,1.75
2009-08-03,1.75
2009-08-04,1.7
2009-08-05,1.7
2009-08-06,1.71
2009-08-07,1.61
2009-08-10,1.7
2009-08-11,1.7
2009-08-12,1.67
2009-08-13,1.7
2009-08-14,1.7
2009-08-17,1.7
2009-08-18,1.7
2009-08-19,1.7
2009-08-20,1.7
2009-08-21,1.7
2009-08-24,1.7
2009-08-25,1.62
2009-08-26,1.7
2009-08-27,1.7
2009-08-28,1.7
2009-08-31,1.7
2009-09-01,1.55
2009-09-02,1.7
2009-09-03,1.7
2009-09-04,1.7
2009-09-07,1.7
2009-09-08,1.57
2009-09-09,1.57
2009-09-10,1.66
2009-09-11,1.7
2009-09-14,1.45
2009-09-15,1.6
2009-09-16,1.5
2009-09-17,1.55
2009-09-18,1.55
2009-09-21,1.5
2009-09-22,1.55
2009-09-23,1.55
2009-09-24,1.57
2009-09-25,1.5
2009-09-27,1.55
2009-09-28,1.53
2009-09-29,1.53
2009-09-30,1.53
2009-10-09,1.53
2009-10-10,1.51
2009-10-12,1.55
2009-10-13,1.5
2009-10-14,1.47
2009-10-15,1.56
2009-10-16,1.5
2009-10-19,1.5
2009-10-20,1.47
2009-10-21,1.54
2009-10-22,1.5
2009-10-23,1.5
2009-10-26,1.47
2009-10-27,1.46
2009-10-28,1.46
2009-10-29,1.46
2009-10-30,1.52
2009-11-02,1.52
2009-11-03,1.52
2009-11-04,1.54
2009-11-05,1.54
2009-11-06,1.52
2009-11-09,1.47
2009-11-10,1.53
2009-11-11,1.47
2009-11-12,1.51
2009-11-13,1.52
2009-11-16,1.47
2009-11-17,1.47
2009-11-18,1.49
2009-11-19,1.47
2009-11-20,1.47
2009-11-23,1.486
2009-11-24,1.46
2009-11-25,1.49
2009-11-26,1.49
2009-11-27,1.46
2009-11-30,1.49
2009-12-01,1.54
2009-12-02,1.54
2009-12-03,1.5
2009-12-04,1.47
2009-12-07,1.5
2009-12-08,1.55
2009-12-09,1.51
2009-12-10,1.55
2009-12-11,1.47
2009-12-14,1.49
2009-12-15,1.47
2009-12-16,1.49
2009-12-17,1.51
2009-12-18,1.5
2009-12-21,1.51
2009-12-22,1.55
2009-12-23,1.47
2009-12-24,1.55
2009-12-25,1.55
2009-12-28,1.55
2009-12-29,1.48
2009-12-30,1.55
2009-12-31,1.55
2010-01-04,1.46
2010-01-05,1.55
2010-01-06,1.55
2010-01-07,1.46
2010-01-08,1.55
2010-01-11,1.56
2010-01-12,1.55
2010-01-13,1.58
2010-01-14,1.56
2010-01-15,1.54
2010-01-18,1.54
2010-01-19,1.63
2010-01-20,1.55
2010-01-21,1.63
2010-01-22,1.55
2010-01-25,1.55
2010-01-26,1.58
2010-01-27,1.55
2010-01-28,1.56
2010-01-29,1.55
2010-02-01,1.63
2010-02-02,1.53
2010-02-03,1.62
2010-02-04,1.63
2010-02-05,1.65
2010-02-08,1.61
2010-02-09,1.59
2010-02-10,1.49
2010-02-11,1.55
2010-02-12,1.55
2010-02-20,1.51
2010-02-21,1.67
2010-02-22,1.5
2010-02-23,1.55
2010-02-24,1.52
2010-02-25,1.52
2010-02-26,1.55
2010-03-01,1.45
2010-03-02,1.55
2010-03-03,1.49
2010-03-04,1.52
2010-03-05,1.49
2010-03-08,1.63
2010-03-09,1.44
2010-03-10,1.49
2010-03-11,1.49
2010-03-12,1.62
2010-03-15,1.5
2010-03-16,1.48
2010-03-17,1.47
2010-03-18,1.48
2010-03-19,1.6
2010-03-22,1.5
2010-03-23,1.48
2010-03-24,1.47
2010-03-25,1.5
2010-03-26,1.55
2010-03-29,1.47
2010-03-30,1.47
2010-03-31,1.59
2010-04-01,1.61
2010-04-02,1.45
2010-04-06,1.48
2010-04-07,1.48
2010-04-08,1.46
2010-04-09,1.45
2010-04-12,1.48
2010-04-13,1.47
2010-04-14,1.47
2010-04-15,1.54
2010-04-16,1.46
2010-04-19,1.46
2010-04-20,1.52
2010-04-21,1.56
2010-04-22,1.56
2010-04-23,1.68
2010-04-26,1.47
2010-04-27,1.5
2010-04-28,1.64
2010-04-29,1.52
2010-04-30,1.6
2010-05-04,1.68
2010-05-05,1.67
2010-05-06,1.67
2010-05-07,1.67
2010-05-10,1.6
2010-05-11,1.65
2010-05-12,1.6
2010-05-13,1.45
2010-05-14,1.72
2010-05-17,1.45
2010-05-18,1.78
2010-05-19,1.44
2010-05-20,1.7
2010-05-21,1.75
2010-05-24,1.44
2010-05-25,1.78
2010-05-26,1.5
2010-05-27,1.44
2010-05-28,1.45
2010-05-31,1.44
2010-06-01,1.85
2010-06-02,1.84
2010-06-03,1.46
2010-06-04,1.46
2010-06-07,1.82
2010-06-08,1.86
2010-06-09,1.85
2010-06-10,1.89
2010-06-11,1.86
2010-06-12,1.88
2010-06-13,1.86
2010-06-17,1.92
2010-06-18,1.92
2010-06-21,1.89
2010-06-22,1.91
2010-06-23,1.89
2010-06-24,1.92
2010-06-25,1.84
2010-06-28,1.92
2010-06-29,1.9
2010-06-30,1.87
2010-07-01,1.92
2010-07-02,1.84
2010-07-05,1.87
2010-07-06,1.87
2010-07-07,1.87
2010-07-08,1.89
2010-07-09,1.87
2010-07-12,1.88
2010-07-13,1.88
2010-07-14,1.87
2010-07-15,1.9
2010-07-16,1.84
2010-07-19,1.87
2010-07-20,1.9
2010-07-21,1.89
2010-07-22,1.91
2010-07-23,1.9
2010-07-26,1.96
2010-07-27,1.9
2010-07-28,2.03
2010-07-29,1.93
2010-07-30,1.95
2010-08-02,1.93
2010-08-03,1.93
2010-08-04,1.93
2010-08-05,1.98
2010-08-06,1.93
2010-08-09,1.93
2010-08-10,1.91
2010-08-11,1.93
2010-08-12,1.91
2010-08-13,1.91
2010-08-16,1.92
2010-08-17,1.92
2010-08-18,1.96
2010-08-19,1.96
2010-08-20,1.96
2010-08-23,1.96
2010-08-24,1.96
2010-08-25,1.93
2010-08-26,1.86
2010-08-27,1.96
2010-08-30,1.87
2010-08-31,1.886
2010-09-01,1.85
2010-09-02,2.01
2010-09-03,1.87
2010-09-06,1.87
2010-09-07,1.95
2010-09-08,1.95
2010-09-09,1.95
2010-09-10,1.87
2010-09-13,1.94
2010-09-14,1.87
2010-09-15,1.96
2010-09-16,1.94
2010-09-17,1.87
2010-09-19,1.9
2010-09-20,1.86
2010-09-21,1.95
2010-09-25,1.87
2010-09-26,1.96
2010-09-27,1.85
2010-09-28,1.96
2010-09-29,1.84
2010-09-30,1.85
2010-10-08,1.94
2010-10-09,1.92
2010-10-11,1.94
2010-10-12,1.96
2010-10-13,2.03
2010-10-14,2.03
2010-10-15,1.874
2010-10-18,1.96
2010-10-19,1.91
2010-10-20,1.96
2010-10-21,1.94
2010-10-22,1.91
2010-10-25,1.96
2010-10-26,1.96
2010-10-27,1.96
2010-10-28,2.03
2010-10-29,1.98
2010-11-01,2.0
2010-11-02,1.91
2010-11-03,1.98
2010-11-04,2.0
2010-11-05,1.96
2010-11-08,2.2
2010-11-09,2.18
2010-11-10,2.1
2010-11-11,2.33
2010-11-12,2.18
2010-11-15,2.35
2010-11-16,2.18
2010-11-17,2.35
2010-11-18,2.13
2010-11-19,2.2
2010-11-22,2.35
2010-11-23,2.37
2010-11-24,2.27
2010-11-25,2.35
2010-11-26,2.65
2010-11-29,2.35
2010-11-30,2.83
2010-12-01,2.35
2010-12-02,2.35
2010-12-03,2.22
2010-12-06,2.22
2010-12-07,2.55
2010-12-08,2.55
2010-12-09,2.55
2010-12-10,2.6
2010-12-13,2.55
2010-12-14,2.7
2010-12-15,2.92
2010-12-16,2.9
2010-12-17,2.55
2010-12-20,3.01
2010-12-21,2.7
2010-12-22,2.95
2010-12-23,2.95
2010-12-24,3.01
2010-12-27,2.95
2010-12-28,2.7
2010-12-29,2.95
2010-12-30,2.7
2010-12-31,2.95
2011-01-04,2.7
2011-01-05,2.95
2011-01-06,2.7
2011-01-07,2.7
2011-01-10,3.0
2011-01-11,3.08
2011-01-12,2.9
2011-01-13,2.88
2011-01-14,2.95
2011-01-17,2.95
2011-01-18,2.95
2011-01-19,2.9
2011-01-20,2.87
2011-01-21,2.9
2011-01-24,2.9
2011-01-25,2.93
2011-01-26,2.9
2011-01-27,2.87
2011-01-28,2.87
2011-01-30,3.05
2011-01-31,3.1
2011-02-01,3.2
2011-02-09,3.12
2011-02-10,3.2
2011-02-11,3.06
2011-02-12,3.15
2011-02-14,3.2
2011-02-15,2.95
2011-02-16,3.06
2011-02-17,3.05
2011-02-18,3.1
2011-02-21,3.2
2011-02-22,2.95
2011-02-23,3.0
2011-02-24,3.0
2011-02-25,3.0
2011-02-28,2.99
2011-03-01,3.04
2011-03-02,2.89
2011-03-03,2.95
2011-03-04,3.0
2011-03-07,2.89
2011-03-08,3.04
2011-03-09,2.86
2011-03-10,2.9
2011-03-11,2.87
2011-03-14,2.81
2011-03-15,2.81
2011-03-16,2.86
2011-03-17,3.0
2011-03-18,2.8
2011-03-21,2.9
2011-03-22,2.79
2011-03-23,3.0
2011-03-24,2.79
2011-03-25,2.83
2011-03-28,2.88
2011-03-29,2.925
2011-03-30,2.92
2011-03-31,2.92
2011-04-01,2.9
2011-04-02,2.9
2011-04-06,2.95
2011-04-07,2.82
2011-04-08,2.87
2011-04-11,2.9
2011-04-12,2.9
2011-04-13,2.82
2011-04-14,2.89
2011-04-15,2.82
2011-04-18,2.87
2011-04-19,2.89
2011-04-20,2.89
2011-04-21,2.9
2011-04-22,2.84
2011-04-25,2.82
2011-04-26,2.95
2011-04-27,2.82
2011-04-28,2.82
2011-04-29,2.8
2011-05-03,2.82
2011-05-04,2.82
2011-05-05,2.86
2011-05-06,2.84
2011-05-09,2.95
2011-05-10,2.89
2011-05-11,2.88
2011-05-12,2.82
2011-05-13,2.85
2011-05-16,2.92
2011-05-17,3.0
2011-05-18,2.95
2011-05-19,2.92
2011-05-20,2.942
2011-05-23,2.942
2011-05-24,3.06
2011-05-25,3.02
2011-05-26,3.02
2011-05-27,3.06
2011-05-30,3.06
2011-05-31,3.05
2011-06-01,3.06
2011-06-02,3.02
2011-06-03,3.02
2011-06-07,3.02
2011-06-08,3.03
2011-06-09,3.03
2011-06-10,3.06
2011-06-13,3.05
2011-06-14,3.06
2011-06-15,3.06
2011-06-16,3.06
2011-06-17,3.06
2011-06-20,3.06
2011-06-21,3.06
2011-06-22,3.06
2011-06-23,3.06
2011-06-24,3.65
2011-06-27,3.584
2011-06-28,3.5
2011-06-29,3.5
2011-06-30,3.45
2011-07-01,3.4
2011-07-04,3.5
2011-07-05,3.4
2011-07-06,3.42
2011-07-07,3.45
2011-07-08,3.4
2011-07-11,3.35
2011-07-12,3.29
2011-07-13,3.4
2011-07-14,3.55
2011-07-15,3.6
2011-07-18,3.34
2011-07-19,3.66
2011-07-20,3.65
2011-07-21,3.402
2011-07-22,3.804
2011-07-25,3.36
2011-07-26,3.88
2011-07-27,3.34
2011-07-28,3.79
2011-07-29,3.79
2011-08-01,3.34
2011-08-02,3.79
2011-08-03,3.88
2011-08-04,3.8
2011-08-05,3.79
2011-08-08,3.79
2011-08-09,3.58
2011-08-10,3.65
2011-08-11,3.55
2011-08-12,3.6
2011-08-15,3.76
2011-08-16,3.6
2011-08-17,3.68
2011-08-18,3.6
2011-08-19,3.344
2011-08-22,3.6
2011-08-23,3.6
2011-08-24,3.7
2011-08-25,3.72
2011-08-26,3.6
2011-08-29,3.55
2011-08-30,3.55
2011-08-31,3.95
2011-09-01,3.88
2011-09-02,3.88
2011-09-05,3.7
2011-09-06,3.88
2011-09-07,3.56
2011-09-08,3.87
2011-09-09,3.85
2011-09-13,3.85
2011-09-14,3.89
2011-09-15,3.9
2011-09-16,3.89
2011-09-19,3.84
2011-09-20,3.92
2011-09-21,3.93
2011-09-22,3.88
2011-09-23,3.92
2011-09-26,3.93
2011-09-27,3.6
2011-09-28,3.6
2011-09-29,3.6
2011-09-30,3.58
2011-10-08,3.63
2011-10-09,3.6
2011-10-10,3.5
2011-10-11,3.42
2011-10-12,3.43
2011-10-13,3.3
2011-10-14,3.42
2011-10-17,3.54
2011-10-18,3.42
2011-10-19,3.3
2011-10-20,3.05
2011-10-21,3.46
2011-10-24,3.1
2011-10-25,3.2
2011-10-26,3.15
2011-10-27,3.1
2011-10-28,3.1
2011-10-31,3.15
2011-11-01,3.15
2011-11-02,3.1
2011-11-03,3.2
2011-11-04,3.09
2011-11-07,2.98
2011-11-08,3.0
2011-11-09,2.98
2011-11-10,3.09
2011-11-11,2.98
2011-11-14,2.5
2011-11-15,2.5
2011-11-16,2.6
2011-11-17,2.5
2011-11-18,2.6
2011-11-21,2.65
2011-11-22,2.58
2011-11-23,2.65
2011-11-24,2.65
2011-11-25,2.5380000000000003
2011-11-28,2.58
2011-11-29,2.5
2011-11-30,2.5
2011-12-01,2.65
2011-12-02,2.65
2011-12-05,2.58
2011-12-06,2.53
2011-12-07,2.6
2011-12-08,2.53
2011-12-09,2.65
2011-12-12,2.617
2011-12-13,2.65
2011-12-14,2.712
2011-12-15,2.7
2011-12-16,2.6
2011-12-19,2.7
2011-12-20,2.7
2011-12-21,2.6
2011-12-22,2.53
2011-12-23,2.712
2011-12-26,2.712
2011-12-27,2.7
2011-12-28,2.7
2011-12-29,2.6630000000000003
2011-12-30,2.7
2011-12-31,2.6
2012-01-04,2.7
2012-01-05,2.6
2012-01-06,2.7
2012-01-09,2.667
2012-01-10,2.6
2012-01-11,2.77
2012-01-12,2.667
2012-01-13,2.73
2012-01-16,2.6
2012-01-17,2.667
2012-01-18,2.7
2012-01-19,2.667
2012-01-20,2.7
2012-01-21,2.73
2012-01-29,2.6
2012-01-30,2.73
2012-01-31,2.73
2012-02-01,2.78
2012-02-02,2.7
2012-02-03,2.85
2012-02-06,2.78
2012-02-07,2.7
2012-02-08,2.78
2012-02-09,2.9
2012-02-10,2.9
2012-02-13,2.95
2012-02-14,2.91
2012-02-15,3.0
2012-02-16,2.97
2012-02-17,2.917
2012-02-20,2.91
2012-02-21,2.97
2012-02-22,2.96
2012-02-23,2.95
2012-02-24,2.94
2012-02-27,2.95
2012-02-28,3.05
2012-02-29,2.96
2012-03-01,2.96
2012-03-02,2.96
2012-03-05,2.96
2012-03-06,2.95
2012-03-07,2.92
2012-03-08,2.93
2012-03-09,2.951
2012-03-12,2.94
2012-03-13,2.86
2012-03-14,2.87
2012-03-15,2.87
2012-03-16,2.85
2012-03-19,2.86
2012-03-20,2.88
2012-03-21,2.86
2012-03-22,2.97
2012-03-23,2.86
2012-03-26,2.87
2012-03-27,2.88
2012-03-28,2.88
2012-03-29,2.86
2012-03-30,2.87
2012-03-31,2.86
2012-04-01,2.85
2012-04-05,2.95
2012-04-06,2.87
2012-04-09,2.75
2012-04-10,2.75
2012-04-11,2.8
2012-04-12,2.87
2012-04-13,2.86
2012-04-16,2.85
2012-04-17,2.9
2012-04-18,2.87
2012-04-19,2.87
2012-04-20,2.84
2012-04-23,2.85
2012-04-24,2.84
2012-04-25,2.86
2012-04-26,2.86
2012-04-27,2.82
2012-04-28,2.86
2012-05-02,2.86
2012-05-03,2.83
2012-05-04,2.85
2012-05-07,2.9
2012-05-08,2.79
2012-05-09,2.85
2012-05-10,2.85
2012-05-11,2.85
2012-05-14,2.67
2012-05-15,2.4
2012-05-16,2.34
2012-05-17,2.3
2012-05-18,2.34
2012-05-21,2.84
2012-05-22,2.3
2012-05-23,2.34
2012-05-24,2.3
2012-05-25,2.3
2012-05-28,2.3
2012-05-29,2.3
2012-05-30,2.3
2012-05-31,2.4
2012-06-01,2.24
2012-06-04,2.3
2012-06-05,2.26
2012-06-06,2.23
2012-06-07,2.22
2012-06-08,2.11
2012-06-11,2.26
2012-06-12,2.2
2012-06-13,2.3
2012-06-14,2.3
2012-06-15,2.2
2012-06-18,2.19
2012-06-19,2.25
2012-06-20,2.19
2012-06-21,2.23
2012-06-25,2.19
2012-06-26,2.26
2012-06-27,2.34
2012-06-28,2.33
2012-06-29,2.3
2012-07-02,2.35
2012-07-03,2.38
2012-07-04,2.36
2012-07-05,2.25
2012-07-06,2.28
2012-07-09,2.25
2012-07-10,2.2
2012-07-11,2.29
2012-07-12,2.2
2012-07-13,2.29
2012-07-16,2.2
2012-07-17,2.25
2012-07-18,2.3
2012-07-19,2.2
2012-07-20,2.15
2012-07-23,2.15
2012-07-24,2.2
2012-07-25,2.2
2012-07-26,2.2
2012-07-27,2.2
2012-07-30,2.25
2012-07-31,2.34
2012-08-01,2.2
2012-08-02,2.2
2012-08-03,2.4
2012-08-06,2.25
2012-08-07,2.45
2012-08-08,2.4
2012-08-09,2.46
2012-08-10,2.37
2012-08-13,2.42
2012-08-14,2.43
2012-08-15,2.45
2012-08-16,2.47
2012-08-17,2.5
2012-08-20,2.5
2012-08-21,2.55
2012-08-22,2.6
2012-08-23,2.68
2012-08-24,2.59
2012-08-25,2.59
2012-08-27,2.65
2012-08-28,2.67
2012-08-29,2.75
2012-08-30,2.68
2012-08-31,2.7
2012-09-01,2.7
2012-09-03,2.65
2012-09-04,2.68
2012-09-05,2.63
2012-09-06,2.64
2012-09-07,2.64
2012-09-08,2.64
2012-09-10,2.65
2012-09-11,2.65
2012-09-12,2.7
2012-09-13,2.71
2012-09-14,2.75
2012-09-15,2.75
2012-09-17,2.79
2012-09-18,2.7
2012-09-19,2.7
2012-09-20,2.7
2012-09-21,2.82
2012-09-22,2.82
2012-09-23,2.82
2012-09-24,2.9
2012-09-25,2.92
2012-09-26,2.8
2012-09-27,2.82
2012-09-28,2.9
2012-09-29,2.8
2012-09-30,2.8
2012-10-08,2.7
2012-10-09,2.82
2012-10-10,2.8
2012-10-11,2.8
2012-10-12,2.81
2012-10-13,2.81
2012-10-15,2.8
2012-10-16,2.8
2012-10-17,2.8
2012-10-18,2.8
2012-10-19,2.78
2012-10-20,2.78
2012-10-22,2.85
2012-10-23,2.85
2012-10-24,2.94
2012-10-25,3.01
2012-10-26,3.02
2012-10-27,3.02
2012-10-29,2.83
2012-10-30,2.96
2012-10-31,2.93
2012-11-01,2.98
2012-11-02,2.98
2012-11-03,2.98
2012-11-05,2.99
2012-11-06,2.95
2012-11-07,2.94
2012-11-08,2.98
2012-11-09,2.93
2012-11-10,2.93
2012-11-12,2.97
2012-11-13,2.93
2012-11-14,2.92
2012-11-15,2.94
2012-11-16,2.95
2012-11-17,2.95
2012-11-19,2.91
2012-11-20,2.88
2012-11-21,2.94
2012-11-22,2.86
2012-11-23,2.95
2012-11-24,2.95
2012-11-26,2.8
2012-11-27,2.92
2012-11-28,2.95
2012-11-29,2.95
2012-11-30,2.88
2012-12-03,2.95
2012-12-04,2.82
2012-12-05,2.85
2012-12-06,2.87
2012-12-07,2.95
2012-12-10,2.9
2012-12-11,2.9
2012-12-12,2.9
2012-12-13,2.95
2012-12-14,2.8
2012-12-15,2.8
2012-12-17,2.88
2012-12-18,2.86
2012-12-19,2.95
2012-12-20,2.95
2012-12-21,2.92
2012-12-22,2.92
2012-12-23,2.92
2012-12-24,2.92
2012-12-25,2.87
2012-12-26,2.9
2012-12-27,2.95
2012-12-28,2.9
2012-12-30,2.9
2012-12-31,2.9
2013-01-01,2.9
2013-01-04,2.84
2013-01-05,2.88
2013-01-06,2.87
2013-01-07,2.83
2013-01-08,2.79
2013-01-09,2.8
2013-01-10,2.83
2013-01-11,2.77
2013-01-13,2.77
2013-01-14,2.82
2013-01-15,2.77
2013-01-16,2.95
2013-01-17,2.91
2013-01-18,2.76
2013-01-21,2.95
2013-01-22,2.7
2013-01-23,2.8
2013-01-24,2.73
2013-01-25,2.85
2013-01-28,2.83
2013-01-29,2.91
2013-01-30,2.79
2013-01-31,2.89
2013-02-01,2.7
2013-02-04,2.79
2013-02-05,2.72
2013-02-06,2.8
2013-02-07,2.8
2013-02-08,2.8
2013-02-09,2.8
2013-02-13,2.8
2013-02-14,2.8
2013-02-16,2.82
2013-02-17,2.72
2013-02-18,2.74
2013-02-19,2.74
2013-02-20,2.68
2013-02-21,2.7
2013-02-22,2.72
2013-02-25,2.75
2013-02-26,2.75
2013-02-27,2.74
2013-02-28,2.75
2013-03-01,2.86
2013-03-04,2.86
2013-03-05,2.76
2013-03-06,2.75
2013-03-07,2.8
2013-03-08,2.853
2013-03-11,2.75
2013-03-12,2.8
2013-03-13,2.76
2013-03-14,2.78
2013-03-15,2.65
2013-03-17,2.65
2013-03-18,2.78
2013-03-19,2.78
2013-03-20,2.75
2013-03-21,2.76
2013-03-22,2.77
2013-03-25,2.76
2013-03-26,2.74
2013-03-27,2.66
2013-03-28,2.7
2013-03-29,2.641
2013-04-01,2.67
2013-04-02,2.7
2013-04-03,2.65
2013-04-07,2.67
2013-04-08,2.67
2013-04-09,2.73
2013-04-10,2.63
2013-04-11,2.63
2013-04-12,2.63
2013-04-15,2.63
2013-04-16,2.63
2013-04-17,2.67
2013-04-18,2.68
2013-04-19,2.68
2013-04-22,2.8
2013-04-23,2.7
2013-04-24,2.82
2013-04-25,2.89
2013-04-26,2.89
2013-04-27,2.89
2013-05-02,2.769
2013-05-03,2.769
2013-05-06,2.81
2013-05-07,2.79
2013-05-08,2.81
2013-05-09,2.75
2013-05-10,2.87
2013-05-13,2.8
2013-05-14,2.82
2013-05-15,2.83
2013-05-16,2.8
2013-05-17,2.803
2013-05-18,2.803
2013-05-19,2.803
2013-05-20,2.82
2013-05-21,2.87
2013-05-22,2.87
2013-05-23,2.85
2013-05-24,2.82
2013-05-25,2.82
2013-05-27,2.82
2013-05-28,2.82
2013-05-29,2.77
2013-05-30,2.91
2013-05-31,2.91
2013-06-03,2.86
2013-06-04,2.91
2013-06-05,2.81
2013-06-06,2.93
2013-06-07,2.98
2013-06-08,2.98
2013-06-09,3.0810000000000004
2013-06-13,3.0810000000000004
2013-06-14,3.09
2013-06-16,3.09
2013-06-18,3.269
2013-06-19,3.329
2013-06-20,3.429
2013-06-21,3.999
2013-06-23,3.27
2013-06-24,4.0
2013-06-25,3.95
2013-06-26,4.05
2013-06-27,3.41
2013-06-28,3.43
2013-07-01,3.41
2013-07-02,3.43
2013-07-03,3.23
2013-07-04,3.43
2013-07-05,3.4
2013-07-08,3.43
2013-07-09,3.43
2013-07-10,3.33
2013-07-11,3.51
2013-07-12,3.52
2013-07-15,3.43
2013-07-16,3.46
2013-07-17,3.5
2013-07-18,3.44
2013-07-19,3.44
2013-07-22,3.44
2013-07-23,3.54
2013-07-24,3.44
2013-07-25,3.5
2013-07-26,3.5
2013-07-29,3.5
2013-07-30,3.51
2013-07-31,3.5
2013-08-01,3.5
2013-08-02,3.5
2013-08-05,3.51
2013-08-06,3.42
2013-08-07,3.36
2013-08-08,3.39
2013-08-09,3.49
2013-08-10,3.49
2013-08-11,3.49
2013-08-12,3.49
2013-08-13,3.41
2013-08-14,3.5
2013-08-15,3.54
2013-08-16,3.47
2013-08-19,3.57
2013-08-20,3.57
2013-08-21,3.61
2013-08-22,3.57
2013-08-23,3.62
2013-08-26,3.65
2013-08-27,3.64
2013-08-28,3.72
2013-08-29,3.64
2013-08-30,3.6
2013-09-01,3.6
2013-09-02,3.58
2013-09-03,3.5
2013-09-04,3.63
2013-09-05,3.63
2013-09-06,3.72
2013-09-07,3.72
2013-09-08,3.72
2013-09-09,3.62
2013-09-10,3.63
2013-09-11,3.63
2013-09-12,3.63
2013-09-13,3.63
2013-09-15,3.63
2013-09-16,3.65
2013-09-17,3.56
2013-09-18,3.55
2013-09-22,3.58
2013-09-23,3.57
2013-09-24,3.56
2013-09-25,3.55
2013-09-26,3.45
2013-09-27,3.55
2013-09-29,3.45
2013-09-30,3.45
2013-10-08,3.44
2013-10-09,3.55
2013-10-10,3.44
2013-10-11,3.55
2013-10-12,3.55
2013-10-14,3.57
2013-10-15,3.57
2013-10-16,3.5
2013-10-17,3.5
2013-10-18,3.5
2013-10-21,3.5
2013-10-22,3.57
2013-10-23,3.5
2013-10-24,3.5
2013-10-25,3.5
2013-10-27,3.5
2013-10-28,3.6
2013-10-29,3.73
2013-10-30,3.68
2013-10-31,3.8
2013-11-01,3.99
2013-11-03,3.8
2013-11-04,4.05
2013-11-05,3.73
2013-11-06,3.971
2013-11-07,4.03
2013-11-08,4.05
2013-11-11,4.05
2013-11-12,4.16
2013-11-13,4.2
2013-11-14,3.98
2013-11-15,4.15
2013-11-17,4.15
2013-11-18,4.15
2013-11-19,4.18
2013-11-20,4.21
2013-11-21,4.2
2013-11-22,4.18
2013-11-25,4.18
2013-11-26,4.11
2013-11-27,4.25
2013-11-28,4.14
2013-11-29,4.12
2013-12-02,4.09
2013-12-03,4.01
2013-12-04,4.1
2013-12-05,3.98
2013-12-06,4.04
2013-12-09,4.06
2013-12-10,4.08
2013-12-11,4.04
2013-12-12,4.2
2013-12-13,4.07
2013-12-16,4.06
2013-12-17,4.07
2013-12-18,4.18
2013-12-19,4.07
2013-12-20,4.13
2013-12-23,4.18
2013-12-24,4.11
2013-12-25,4.2
2013-12-26,4.11
2013-12-27,4.18
2013-12-30,4.13
2013-12-31,4.12
2014-01-02,4.18
2014-01-03,4.15
2014-01-06,4.14
2014-01-07,4.18
2014-01-08,4.22
2014-01-09,4.15
2014-01-10,4.15
2014-01-13,4.08
2014-01-14,4.11
2014-01-15,4.08
2014-01-16,3.91
2014-01-17,3.89
2014-01-20,4.05
2014-01-21,4.08
2014-01-22,3.89
2014-01-23,3.89
2014-01-24,3.74
2014-01-26,3.75
2014-01-27,3.75
2014-01-28,3.59
2014-01-29,3.7
2014-01-30,3.59
2014-02-04,3.59
2014-02-07,3.7
2014-02-08,3.7
2014-02-10,3.7
2014-02-11,3.61
2014-02-12,3.59
2014-02-13,3.59
2014-02-14,3.52
2014-02-17,3.53
2014-02-18,3.53
2014-02-19,3.48
2014-02-20,3.45
2014-02-21,3.45
2014-02-24,3.46
2014-02-25,3.4
2014-02-26,3.33
2014-02-27,3.35
2014-02-28,3.25
2014-03-03,3.31
2014-03-04,3.35
2014-03-05,3.34
2014-03-06,3.39
2014-03-07,3.34
2014-03-09,3.34
2014-03-10,3.3
2014-03-11,3.29
2014-03-12,3.28
2014-03-13,3.28
2014-03-14,3.24
2014-03-17,3.24
2014-03-18,3.24
2014-03-19,3.22
2014-03-20,3.19
2014-03-21,3.24
2014-03-24,2.87
2014-03-25,2.87
2014-03-26,2.88
2014-03-27,2.9
2014-03-28,2.87
2014-03-31,2.87
2014-04-01,2.87
2014-04-02,2.87
2014-04-03,2.87
2014-04-04,2.87
2014-04-08,2.97
2014-04-09,2.98
2014-04-10,3.15
2014-04-11,3.22
2014-04-14,3.36
2014-04-15,3.34
2014-04-16,3.36
2014-04-17,3.36
2014-04-18,3.38
2014-04-21,3.42
2014-04-22,3.6
2014-04-23,3.45
2014-04-24,3.43
2014-04-25,3.43
2014-04-28,3.42
2014-04-29,3.61
2014-04-30,3.65
2014-05-04,3.6
2014-05-05,3.53
2014-05-06,3.42
2014-05-07,3.42
2014-05-08,3.42
2014-05-09,3.42
2014-05-12,3.53
2014-05-13,3.51
2014-05-14,3.52
2014-05-15,3.51
2014-05-16,3.49
2014-05-19,3.5
2014-05-20,3.49
2014-05-21,3.53
2014-05-22,3.51
2014-05-23,3.39
2014-05-25,3.39
2014-05-26,3.39
2014-05-27,3.36
2014-05-28,3.31
2014-05-29,3.32
2014-05-30,3.36
2014-06-03,3.21
2014-06-04,3.19
2014-06-05,3.08
2014-06-06,3.06
2014-06-09,3.04
2014-06-10,3.08
2014-06-11,3.06
2014-06-12,3.03
2014-06-13,3.08
2014-06-16,3.06
2014-06-17,3.09
2014-06-18,3.13
2014-06-19,3.17
2014-06-20,3.25
2014-06-23,3.21
2014-06-24,3.23
2014-06-25,3.2
2014-06-26,3.2
2014-06-27,3.2
2014-06-30,3.37
2014-07-01,3.36
2014-07-02,3.38
2014-07-03,3.45
2014-07-04,3.42
2014-07-07,3.45
2014-07-08,3.44
2014-07-09,3.41
2014-07-10,3.48
2014-07-11,3.5
2014-07-12,3.5
2014-07-14,3.48
2014-07-15,3.48
2014-07-16,3.59
2014-07-17,3.71
2014-07-18,3.75
2014-07-20,3.75
2014-07-21,3.83
2014-07-22,3.83
2014-07-23,3.743
2014-07-24,3.765
2014-07-25,3.71
2014-07-27,3.71
2014-07-28,3.74
2014-07-29,3.753
2014-07-30,3.766
2014-07-31,3.763
2014-08-01,3.756
2014-08-02,3.756
2014-08-04,3.754
2014-08-05,3.749
2014-08-06,3.743
2014-08-07,3.732
2014-08-08,3.736
2014-08-10,3.736
2014-08-11,3.726
2014-08-12,3.738
2014-08-13,3.759
2014-08-14,3.789
2014-08-15,3.76
2014-08-18,3.752
2014-08-19,3.742
2014-08-20,3.746
2014-08-21,3.768
2014-08-22,3.778
2014-08-25,3.792
2014-08-26,3.815
2014-08-27,3.82
2014-08-28,3.811
2014-08-29,3.799
2014-08-31,3.799
2014-09-01,3.802
2014-09-02,3.799
2014-09-03,3.81
2014-09-04,3.81
2014-09-05,3.806
2014-09-09,3.801
2014-09-10,3.803
2014-09-11,3.81
2014-09-12,3.822
2014-09-13,3.822
2014-09-15,3.832
2014-09-16,3.822
2014-09-17,3.831
2014-09-18,3.82
2014-09-19,3.814
2014-09-22,3.794
2014-09-23,3.797
2014-09-24,3.791
2014-09-25,3.792
2014-09-26,3.787
2014-09-27,3.787
2014-09-28,3.78
2014-09-29,3.773
2014-09-30,3.767
2014-10-08,3.766
2014-10-09,3.774
2014-10-10,3.772
2014-10-11,3.774
2014-10-13,3.77
2014-10-14,3.744
2014-10-15,3.695
2014-10-16,3.637
2014-10-17,3.5860000000000003
2014-10-20,3.571
2014-10-21,3.5610000000000004
2014-10-22,3.52
2014-10-23,3.516
2014-10-24,3.516
2014-10-27,3.522
2014-10-28,3.499
2014-10-29,3.46
2014-10-30,3.4330000000000003
2014-10-31,3.406
2014-11-03,3.393
2014-11-04,3.347
2014-11-05,3.263
2014-11-06,3.26
2014-11-07,3.258
2014-11-10,3.238
2014-11-11,3.224
2014-11-12,3.2030000000000003
2014-11-13,3.199
2014-11-14,3.195
2014-11-16,3.195
2014-11-17,3.18
2014-11-18,3.184
2014-11-19,3.18
2014-11-20,3.195
2014-11-21,3.2260000000000004
2014-11-24,3.266
2014-11-25,3.158
2014-11-26,3.043
2014-11-27,3.0660000000000003
2014-11-28,3.07
2014-11-29,3.075
2014-11-30,3.075
2014-12-01,3.071
2014-12-02,3.065
2014-12-03,3.069
2014-12-04,3.085
2014-12-05,3.085
2014-12-08,3.141
2014-12-09,3.233
2014-12-10,3.339
2014-12-11,3.374
2014-12-12,3.366
2014-12-14,3.366
2014-12-15,3.366
2014-12-16,3.34
2014-12-17,3.342
2014-12-18,3.389
2014-12-19,3.509
2014-12-22,3.507
2014-12-23,3.492
2014-12-24,3.454
2014-12-25,3.3710000000000004
2014-12-26,3.35
2014-12-28,3.35
2014-12-29,3.342
2014-12-30,3.2960000000000003
2014-12-31,3.263
2015-01-01,3.263
2015-01-04,3.278
2015-01-05,3.281
2015-01-06,3.297
2015-01-07,3.287
2015-01-08,3.242
2015-01-09,3.244
2015-01-12,3.249
2015-01-13,3.244
2015-01-14,3.24
2015-01-15,3.2430000000000003
2015-01-16,3.247
2015-01-19,3.238
2015-01-20,3.236
2015-01-21,3.2230000000000003
2015-01-22,3.221
2015-01-23,3.2310000000000003
2015-01-26,3.218
2015-01-27,3.157
2015-01-28,3.1460000000000004
2015-01-29,3.15
2015-01-30,3.151
2015-02-01,3.151
2015-02-02,3.167
2015-02-03,3.161
2015-02-04,3.172
2015-02-05,3.17
2015-02-06,3.113
2015-02-09,3.113
2015-02-10,3.112
2015-02-11,3.113
2015-02-12,3.119
2015-02-13,3.116
2015-02-15,3.114
2015-02-16,3.09
2015-02-17,3.084
2015-02-19,3.084
2015-02-25,3.075
2015-02-26,3.0580000000000003
2015-02-27,3.073
2015-02-28,3.077
2015-03-02,3.0810000000000004
2015-03-03,3.084
2015-03-04,3.079
2015-03-05,3.082
2015-03-06,3.1060000000000003
2015-03-09,3.116
2015-03-10,3.151
2015-03-11,3.157
2015-03-12,3.148
2015-03-13,3.13
2015-03-16,3.145
2015-03-17,3.137
2015-03-18,3.156
2015-03-19,3.154
2015-03-20,3.147
2015-03-23,3.147
2015-03-24,3.149
2015-03-25,3.149
2015-03-26,3.16
2015-03-27,3.165
2015-03-30,3.195
2015-03-31,3.19
2015-04-01,3.21
2015-04-02,3.207
2015-04-03,3.173
2015-04-07,3.159
2015-04-08,3.159
2015-04-09,3.157
2015-04-10,3.112
2015-04-13,3.134
2015-04-14,3.1180000000000003
2015-04-15,3.127
2015-04-16,3.12
2015-04-17,3.09
2015-04-20,3.093
2015-04-21,3.073
2015-04-22,2.918
2015-04-23,2.9810000000000003
2015-04-24,2.987
2015-04-27,2.946
2015-04-28,2.906
2015-04-29,2.88
2015-04-30,2.869
2015-05-04,2.714
2015-05-05,2.7460000000000004
2015-05-06,2.7510000000000003
2015-05-07,2.74
2015-05-08,2.719
2015-05-11,2.714
2015-05-12,2.676
2015-05-13,2.631
2015-05-14,2.491
2015-05-15,2.462
2015-05-18,2.372
2015-05-19,2.393
2015-05-20,2.456
2015-05-21,2.44
2015-05-22,2.428
2015-05-25,2.401
2015-05-26,2.267
2015-05-27,2.047
2015-05-28,1.886
2015-05-29,1.96
2015-05-30,1.96
2015-06-01,2.012
2015-06-02,2.032
2015-06-03,2.0
2015-06-04,1.99
2015-06-05,1.945
2015-06-07,1.945
2015-06-08,1.908
2015-06-09,1.899
2015-06-10,1.836
2015-06-11,1.75
2015-06-12,1.739
2015-06-15,1.746
2015-06-16,1.726
2015-06-17,1.725
2015-06-18,1.721
2015-06-19,1.733
2015-06-23,1.767
2015-06-24,1.74
2015-06-25,1.755
2015-06-26,1.716
2015-06-29,1.804
2015-06-30,1.767
2015-07-01,1.751
2015-07-02,1.681
2015-07-03,1.6030000000000002
2015-07-06,1.653
2015-07-07,1.779
2015-07-08,1.949
2015-07-09,2.093
2015-07-10,2.331
2015-07-13,2.5
2015-07-14,2.445
2015-07-15,2.471
2015-07-16,2.501
2015-07-17,2.466
2015-07-18,2.466
2015-07-20,2.39
2015-07-21,2.356
2015-07-22,2.461
2015-07-23,2.428
2015-07-24,2.32
2015-07-27,2.261
2015-07-28,2.249
2015-07-29,2.2
2015-07-30,2.2
2015-07-31,2.246
2015-08-03,2.27
2015-08-04,2.198
2015-08-05,2.1630000000000003
2015-08-06,2.176
2015-08-07,2.096
2015-08-10,2.206
2015-08-11,2.2230000000000003
2015-08-12,2.269
2015-08-13,2.335
2015-08-14,2.313
2015-08-17,2.343
2015-08-18,2.273
2015-08-19,2.277
2015-08-20,2.286
2015-08-21,2.294
2015-08-24,2.294
2015-08-25,2.349
2015-08-26,2.344
2015-08-27,2.336
2015-08-28,2.352
2015-08-31,2.307
2015-09-01,2.345
2015-09-02,2.345
2015-09-05,2.345
2015-09-06,2.327
2015-09-07,2.336
2015-09-08,2.344
2015-09-09,2.362
2015-09-10,2.297
2015-09-11,2.299
2015-09-14,2.266
2015-09-15,2.313
2015-09-16,2.323
2015-09-17,2.296
2015-09-18,2.29
2015-09-21,2.329
2015-09-22,2.343
2015-09-23,2.331
2015-09-24,2.335
2015-09-25,2.316
2015-09-27,2.316
2015-09-28,2.361
2015-09-29,2.369
2015-09-30,2.36
2015-10-03,2.36
2015-10-08,2.374
2015-10-09,2.371
2015-10-10,2.384
2015-10-12,2.364
2015-10-13,2.373
2015-10-14,2.374
2015-10-15,2.369
2015-10-16,2.375
2015-10-18,2.375
2015-10-19,2.535
2015-10-20,2.491
2015-10-21,2.411
2015-10-22,2.448
2015-10-23,2.426
2015-10-26,2.427
2015-10-27,2.411
2015-10-28,2.369
2015-10-29,2.4
2015-10-30,2.379
2015-11-02,2.393
2015-11-03,2.418
2015-11-04,2.425
2015-11-05,2.434
2015-11-06,2.42
2015-11-09,2.441
2015-11-10,2.5340000000000003
2015-11-11,2.525
2015-11-12,2.531
2015-11-13,2.563
2015-11-16,2.582
2015-11-17,2.603
2015-11-18,2.603
2015-11-19,2.624
2015-11-20,2.6060000000000003
2015-11-22,2.6060000000000003
2015-11-23,2.603
2015-11-24,2.604
2015-11-25,2.597
2015-11-26,2.603
2015-11-27,2.585
2015-11-30,2.599
2015-12-01,2.607
2015-12-02,2.603
2015-12-03,2.595
2015-12-04,2.58
2015-12-07,2.559
2015-12-08,2.541
2015-12-09,2.516
2015-12-10,2.506
2015-12-11,2.497
2015-12-14,2.48
2015-12-15,2.487
2015-12-16,2.4730000000000003
2015-12-17,2.424
2015-12-18,2.411
2015-12-21,2.395
2015-12-22,2.38
2015-12-23,2.383
2015-12-24,2.381
2015-12-25,2.36
2015-12-28,2.318
2015-12-29,2.339
2015-12-30,2.336
2015-12-31,2.329
2016-01-04,2.338
2016-01-05,2.381
2016-01-06,2.379
2016-01-07,2.381
2016-01-08,2.386
2016-01-10,2.386
2016-01-11,2.379
2016-01-12,2.3680000000000003
2016-01-13,2.336
2016-01-14,2.318
2016-01-15,2.299
2016-01-18,2.317
2016-01-19,2.3080000000000003
2016-01-20,2.323
2016-01-21,2.3480000000000003
2016-01-22,2.34
2016-01-25,2.346
2016-01-26,2.35
2016-01-27,2.349
2016-01-28,2.38
2016-01-29,2.393
2016-02-01,2.353
2016-02-02,2.3480000000000003
2016-02-03,2.359
2016-02-04,2.354
2016-02-05,2.359
2016-02-06,2.363
2016-02-14,2.36
2016-02-15,2.335
2016-02-16,2.341
2016-02-17,2.352
2016-02-18,2.307
2016-02-19,2.3
2016-02-22,2.281
2016-02-23,2.303
2016-02-24,2.278
2016-02-25,2.3
2016-02-26,2.298
2016-02-29,2.279
2016-03-01,2.259
2016-03-02,2.218
2016-03-03,2.211
2016-03-04,2.216
2016-03-07,2.198
2016-03-08,2.21
2016-03-09,2.2030000000000003
2016-03-10,2.173
2016-03-11,2.168
2016-03-14,2.173
2016-03-15,2.168
2016-03-16,2.16
2016-03-17,2.148
2016-03-18,2.153
2016-03-21,2.147
2016-03-22,2.145
2016-03-23,2.153
2016-03-24,2.147
2016-03-25,2.155
2016-03-28,2.16
2016-03-29,2.168
2016-03-30,2.155
2016-03-31,2.1630000000000003
2016-04-01,2.165
2016-04-04,2.165
2016-04-05,2.16
2016-04-06,2.168
2016-04-07,2.17
2016-04-08,2.18
2016-04-11,2.18
2016-04-12,2.18
2016-04-13,2.192
2016-04-14,2.195
2016-04-15,2.19
2016-04-18,2.205
2016-04-19,2.193
2016-04-20,2.205
2016-04-21,2.202
2016-04-22,2.213
2016-04-25,2.218
2016-04-26,2.35
2016-04-27,2.35
2016-04-28,2.218
2016-04-29,2.218
2016-05-03,2.205
2016-05-04,2.215
2016-05-05,2.173
2016-05-06,2.22
2016-05-09,2.173
2016-05-10,2.173
2016-05-11,2.173
2016-05-12,2.21
2016-05-13,2.21
2016-05-16,2.21
2016-05-17,2.216
2016-05-18,2.23
2016-05-19,2.2230000000000003
2016-05-20,2.2230000000000003
2016-05-23,2.332
2016-05-24,2.326
2016-05-25,2.335
2016-05-26,2.338
2016-05-27,2.341
2016-05-30,2.336
2016-05-31,2.338
2016-06-01,2.34
2016-06-02,2.363
2016-06-03,2.379
2016-06-06,2.396
2016-06-07,2.376
2016-06-08,2.377
2016-06-11,2.377
2016-06-12,2.406
2016-06-13,2.4090000000000003
2016-06-14,2.408
2016-06-15,2.405
2016-06-16,2.398
2016-06-17,2.395
2016-06-20,2.397
2016-06-21,2.402
2016-06-22,2.412
2016-06-23,2.412
2016-06-24,2.401
2016-06-27,2.399
2016-06-28,2.392
2016-06-29,2.379
2016-06-30,2.39
2016-07-01,2.39
2016-07-03,2.37
2016-07-04,2.383
2016-07-05,2.378
2016-07-06,2.38
2016-07-07,2.37
2016-07-08,2.327
2016-07-10,2.31
2016-07-11,2.321
2016-07-12,2.317
2016-07-13,2.326
2016-07-14,2.323
2016-07-15,2.315
2016-07-18,2.31
2016-07-19,2.3
2016-07-20,2.273
2016-07-21,2.244
2016-07-22,2.242
2016-07-25,2.263
2016-07-26,2.259
2016-07-27,2.275
2016-07-28,2.2430000000000003
2016-07-29,2.24
2016-08-01,2.2430000000000003
2016-08-02,2.24
2016-08-03,2.233
2016-08-04,2.2230000000000003
2016-08-05,2.21
2016-08-06,2.21
2016-08-08,2.2
2016-08-09,2.19
2016-08-10,2.173
2016-08-11,2.177
2016-08-12,2.173
2016-08-13,2.173
2016-08-14,2.173
2016-08-15,2.135
2016-08-16,2.133
2016-08-17,2.133
2016-08-18,2.137
2016-08-19,2.123
2016-08-22,2.125
2016-08-23,2.12
2016-08-24,2.125
2016-08-25,2.137
2016-08-26,2.127
2016-08-29,2.13
2016-08-30,2.133
2016-08-31,2.15
2016-09-01,2.153
2016-09-02,2.123
2016-09-05,2.153
2016-09-06,2.15
2016-09-07,2.153
2016-09-08,2.153
2016-09-09,2.156
2016-09-12,2.177
2016-09-13,2.195
2016-09-14,2.176
2016-09-15,2.172
2016-09-16,2.277
2016-09-17,2.277
2016-09-18,2.192
2016-09-19,2.182
2016-09-20,2.184
2016-09-21,2.195
2016-09-22,2.19
2016-09-23,2.191
2016-09-24,2.191
2016-09-25,2.191
2016-09-26,2.188
2016-09-27,2.19
2016-09-28,2.204
2016-09-29,2.194
2016-09-30,2.185
2016-10-08,2.18
2016-10-09,2.188
2016-10-10,2.198
2016-10-11,2.188
2016-10-12,2.193
2016-10-13,2.192
2016-10-14,2.168
2016-10-15,2.168
2016-10-17,2.1630000000000003
2016-10-18,2.165
2016-10-19,2.162
2016-10-20,2.165
2016-10-21,2.1630000000000003
2016-10-24,2.162
2016-10-25,2.166
2016-10-26,2.175
2016-10-27,2.185
2016-10-28,2.188
2016-10-31,2.19
2016-11-01,2.181
2016-11-02,2.173
2016-11-03,2.173
2016-11-04,2.18
2016-11-07,2.174
2016-11-08,2.18
2016-11-09,2.174
2016-11-10,2.167
2016-11-11,2.169
2016-11-14,2.171
2016-11-15,2.164
2016-11-16,2.19
2016-11-17,2.193
2016-11-18,2.212
2016-11-21,2.246
2016-11-22,2.21
2016-11-23,2.213
2016-11-24,2.221
2016-11-25,2.234
2016-11-28,2.251
2016-11-29,2.261
2016-11-30,2.3
2016-12-01,2.343
2016-12-02,2.365
2016-12-05,2.393
2016-12-06,2.4330000000000003
2016-12-07,2.445
2016-12-08,2.4330000000000003
2016-12-09,2.426
2016-12-12,2.8110000000000004
2016-12-13,2.818
2016-12-14,2.832
2016-12-15,2.839
2016-12-16,2.9960000000000004
2016-12-19,3.0780000000000003
2016-12-20,3.097
2016-12-21,3.108
2016-12-22,2.9930000000000003
2016-12-23,2.963
2016-12-26,2.82
2016-12-27,2.865
2016-12-28,2.79
2016-12-29,2.79
2016-12-30,2.7510000000000003
2017-01-03,2.707
2017-01-04,2.793
2017-01-05,2.807
2017-01-06,2.822
2017-01-09,2.817
2017-01-10,2.803
2017-01-11,2.781
2017-01-12,2.776
2017-01-13,2.778
2017-01-16,2.748
2017-01-17,2.718
2017-01-18,2.747
2017-01-19,2.727
2017-01-20,2.754
2017-01-22,2.728
2017-01-23,2.7230000000000003
2017-01-24,2.744
2017-01-25,2.759
2017-01-26,2.77
2017-01-27,2.77
2017-02-03,2.793
2017-02-04,2.8280000000000003
2017-02-06,2.888
2017-02-07,2.903
2017-02-08,2.9330000000000003
2017-02-09,2.928
2017-02-10,2.915
2017-02-13,2.914
2017-02-14,2.91
2017-02-15,2.906
2017-02-16,2.89
2017-02-17,2.867
2017-02-20,2.862
2017-02-21,2.834
2017-02-22,2.786
2017-02-23,2.76
2017-02-24,2.7510000000000003
2017-02-27,2.77
2017-02-28,2.783
2017-03-01,2.793
2017-03-02,2.7880000000000003
2017-03-03,2.832
2017-03-06,2.867
2017-03-07,2.849
2017-03-08,2.861
2017-03-09,2.894
2017-03-10,2.898
2017-03-13,2.888
2017-03-14,2.852
2017-03-15,2.888
2017-03-16,2.8710000000000004
2017-03-17,2.911
2017-03-18,2.911
2017-03-20,2.912
2017-03-21,2.906
2017-03-22,2.945
2017-03-23,2.94
2017-03-24,2.923
2017-03-26,2.923
2017-03-27,2.895
2017-03-28,2.904
2017-03-29,2.899
2017-03-30,2.893
2017-03-31,2.885
2017-04-01,2.895
2017-04-03,2.895
2017-04-05,2.9410000000000003
2017-04-06,3.01
2017-04-07,3.018
2017-04-10,3.034
2017-04-11,3.0460000000000003
2017-04-12,3.0410000000000004
2017-04-13,3.036
2017-04-14,3.05
2017-04-17,3.0810000000000004
2017-04-18,3.1
2017-04-19,3.1180000000000003
2017-04-20,3.127
2017-04-21,3.144
2017-04-22,3.144
2017-04-24,3.132
2017-04-25,3.14
2017-04-26,3.13
2017-04-27,3.132
2017-04-28,3.16
2017-05-02,3.168
2017-05-03,3.205
2017-05-04,3.295
2017-05-05,3.327
2017-05-07,3.327
2017-05-08,3.325
2017-05-09,3.293
2017-05-10,3.312
2017-05-11,3.333
2017-05-12,3.337
2017-05-15,3.377
2017-05-16,3.383
2017-05-17,3.3760000000000003
2017-05-18,3.407
2017-05-19,3.426
2017-05-22,3.504
2017-05-23,3.497
2017-05-24,3.503
2017-05-25,3.5
2017-05-26,3.491
2017-05-27,3.487
2017-05-31,3.475
2017-06-01,3.485
2017-06-02,3.503
2017-06-05,3.51
2017-06-06,3.526
2017-06-07,3.543
2017-06-08,3.609
2017-06-09,3.687
2017-06-12,3.676
2017-06-13,3.64
2017-06-14,3.632
2017-06-15,3.628
2017-06-16,3.634
2017-06-19,3.623
2017-06-20,3.58
2017-06-21,3.514
2017-06-22,3.514
2017-06-23,3.512
2017-06-25,3.512
2017-06-26,3.491
2017-06-27,3.4610000000000003
2017-06-28,3.428
2017-06-29,3.4360000000000004
2017-06-30,3.4530000000000003
2017-07-01,3.4530000000000003
2017-07-02,3.4530000000000003
2017-07-03,3.464
2017-07-04,3.486
2017-07-05,3.482
2017-07-06,3.483
2017-07-07,3.475
2017-07-10,3.483
2017-07-11,3.48
2017-07-12,3.4760000000000004
2017-07-13,3.464
2017-07-14,3.458
2017-07-16,3.458
2017-07-17,3.45
2017-07-18,3.452
2017-07-19,3.437
2017-07-20,3.424
2017-07-21,3.401
2017-07-24,3.401
2017-07-25,3.399
2017-07-26,3.392
2017-07-27,3.393
2017-07-28,3.438
2017-07-31,3.428
2017-08-01,3.447
2017-08-02,3.447
2017-08-03,3.428
2017-08-04,3.427
2017-08-06,3.427
2017-08-07,3.366
2017-08-08,3.401
2017-08-09,3.403
2017-08-10,3.398
2017-08-11,3.384
2017-08-14,3.384
2017-08-15,3.364
2017-08-16,3.384
2017-08-17,3.347
2017-08-18,3.2430000000000003
2017-08-21,3.372
2017-08-22,3.386
2017-08-23,3.355
2017-08-24,3.363
2017-08-25,3.37
2017-08-28,3.384
2017-08-29,3.379
2017-08-30,3.414
2017-08-31,3.428
2017-09-01,3.419
2017-09-02,3.419
2017-09-04,3.42
2017-09-05,3.438
2017-09-06,3.47
2017-09-07,3.503
2017-09-08,3.478
2017-09-11,3.477
2017-09-12,3.488
2017-09-13,3.5
2017-09-14,3.503
2017-09-15,3.477
2017-09-18,3.49
2017-09-19,3.479
2017-09-20,3.4730000000000003
2017-09-21,3.47
2017-09-22,3.455
2017-09-25,3.469
2017-09-26,3.455
2017-09-27,3.46
2017-09-28,3.447
2017-09-29,3.466
2017-09-30,3.46
2017-10-03,3.46
2017-10-09,3.48
2017-10-10,3.4960000000000004
2017-10-11,3.513
2017-10-12,3.5
2017-10-13,3.503
2017-10-16,3.507
2017-10-17,3.51
2017-10-18,3.513
2017-10-19,3.513
2017-10-20,3.507
2017-10-22,3.507
2017-10-23,3.492
2017-10-24,3.502
2017-10-25,3.518
2017-10-26,3.527
2017-10-27,3.54
2017-10-29,3.54
2017-10-30,3.557
2017-10-31,3.583
2017-11-01,3.5810000000000004
2017-11-02,3.59
2017-11-03,3.588
2017-11-06,3.585
2017-11-07,3.56
2017-11-08,3.58
2017-11-09,3.6
2017-11-10,3.61
2017-11-11,3.61
2017-11-13,3.63
2017-11-14,3.65
2017-11-15,3.635
2017-11-16,3.656
2017-11-17,3.649
2017-11-20,3.653
2017-11-21,3.68
2017-11-22,3.673
2017-11-23,3.68
2017-11-24,3.687
2017-11-27,3.699
2017-11-28,3.712
2017-11-29,3.71
2017-11-30,3.7
2017-12-01,3.683
2017-12-04,3.662
2017-12-05,3.673
2017-12-06,3.667
2017-12-07,3.758
2017-12-08,3.773
2017-12-11,3.797
2017-12-12,3.77
2017-12-13,3.797
2017-12-14,3.804
2017-12-15,3.798
2017-12-16,3.798
2017-12-18,3.79
2017-12-19,3.778
2017-12-20,3.797
2017-12-21,3.827
2017-12-22,3.809
2017-12-25,3.809
2017-12-26,3.814
2017-12-27,3.813
2017-12-28,3.824
2017-12-29,3.803
2018-01-02,3.755
2018-01-03,3.683
2018-01-04,3.675
2018-01-05,3.593
2018-01-08,3.547
2018-01-09,3.543
2018-01-10,3.582
2018-01-11,3.627
2018-01-12,3.588
2018-01-13,3.588
2018-01-15,3.65
2018-01-16,3.63
2018-01-17,3.63
2018-01-18,3.658
2018-01-19,3.633
2018-01-22,3.61
2018-01-23,3.585
2018-01-24,3.595
2018-01-25,3.579
2018-01-26,3.565
2018-01-29,3.5780000000000003
2018-01-30,3.577
2018-01-31,3.583
2018-02-01,3.54
2018-02-05,3.503
2018-02-06,3.51
2018-02-07,3.523
2018-02-08,3.4930000000000003
2018-02-09,3.486
2018-02-11,3.445
2018-02-12,3.4130000000000003
2018-02-13,3.42
2018-02-14,3.41
2018-02-18,3.41
2018-02-22,3.4130000000000003
2018-02-23,3.445
2018-02-24,3.423
2018-02-26,3.39
2018-02-27,3.343
2018-02-28,3.313
2018-03-01,3.283
2018-03-02,3.285
2018-03-05,3.305
2018-03-06,3.313
2018-03-07,3.303
2018-03-08,3.295
2018-03-09,3.29
2018-03-12,3.278
2018-03-13,3.3
2018-03-14,3.3
2018-03-15,3.295
2018-03-16,3.305
2018-03-19,3.315
2018-03-20,3.3
2018-03-21,3.313
2018-03-22,3.263
2018-03-23,3.275
2018-03-26,3.277
2018-03-27,3.332
2018-03-28,3.338
2018-03-29,3.343
2018-03-30,3.35
2018-04-02,3.325
2018-04-03,3.298
2018-04-04,3.295
2018-04-06,3.31
2018-04-07,3.31
2018-04-08,3.3
2018-04-09,3.297
2018-04-10,3.26
2018-04-11,3.265
2018-04-12,3.2430000000000003
2018-04-13,3.248
2018-04-16,3.218
2018-04-17,3.187
2018-04-18,3.09
2018-04-19,2.957
2018-04-20,2.995
2018-04-23,2.987
2018-04-24,3.003
2018-04-25,3.01
2018-04-26,3.007
2018-04-27,3.035
2018-04-28,3.007
2018-05-02,3.003
2018-05-03,2.999
2018-05-04,2.947
2018-05-07,2.9130000000000003
2018-05-08,2.9130000000000003
2018-05-09,2.907
2018-05-10,2.907
2018-05-11,2.907
2018-05-14,2.922
2018-05-15,2.951
2018-05-16,2.984
2018-05-17,3.045
2018-05-18,3.035
2018-05-20,3.035
2018-05-21,3.056
2018-05-22,3.048
2018-05-23,3.057
2018-05-24,3.08
2018-05-25,3.155
2018-05-26,3.155
2018-05-27,3.16
2018-05-28,3.16
2018-05-29,3.173
2018-05-30,3.177
2018-05-31,3.185
2018-06-01,3.18
2018-06-04,3.19
2018-06-05,3.195
2018-06-06,3.207
2018-06-07,3.228
2018-06-08,3.242
2018-06-11,3.229
2018-06-12,3.238
2018-06-13,3.257
2018-06-14,3.24
2018-06-15,3.2430000000000003
2018-06-19,3.24
2018-06-20,3.258
2018-06-21,3.287
2018-06-22,3.287
2018-06-25,3.297
2018-06-26,3.285
2018-06-27,3.278
2018-06-28,3.285
2018-06-29,3.21
2018-07-02,3.168
2018-07-03,3.154
2018-07-04,3.114
2018-07-05,3.087
2018-07-06,3.063
2018-07-09,3.05
2018-07-10,3.083
2018-07-11,3.103
2018-07-12,3.094
2018-07-13,3.08
2018-07-16,3.073
2018-07-17,3.059
2018-07-18,3.0780000000000003
2018-07-19,3.075
2018-07-20,3.08
2018-07-23,3.0780000000000003
2018-07-24,3.083
2018-07-25,3.06
2018-07-26,3.023
2018-07-27,3.013
2018-07-30,2.915
2018-07-31,2.893
2018-08-01,2.853
2018-08-02,2.81
2018-08-03,2.798
2018-08-06,2.707
2018-08-07,2.675
2018-08-08,2.638
2018-08-09,2.684
2018-08-10,2.78
2018-08-13,2.7960000000000003
2018-08-14,2.84
2018-08-15,2.838
2018-08-16,2.85
2018-08-17,2.863
2018-08-20,2.897
2018-08-21,2.919
2018-08-22,2.914
2018-08-23,2.889
2018-08-24,2.835
2018-08-27,2.827
2018-08-28,2.85
2018-08-29,2.817
2018-08-30,2.812
2018-08-31,2.8360000000000003
2018-09-03,2.834
2018-09-04,2.837
2018-09-05,2.817
2018-09-06,2.824
2018-09-07,2.829
2018-09-10,2.849
2018-09-11,2.854
2018-09-12,2.854
2018-09-13,2.86
2018-09-14,2.845
2018-09-17,2.89
2018-09-18,2.899
2018-09-19,2.9330000000000003
2018-09-20,2.979
2018-09-21,3.002
2018-09-25,2.997
2018-09-26,2.997
2018-09-27,2.992
2018-09-28,2.991
2018-09-29,2.983
2018-09-30,2.98
2018-10-08,2.945
2018-10-09,2.942
2018-10-10,2.915
2018-10-11,2.912
2018-10-12,2.88
2018-10-15,2.875
2018-10-16,2.864
2018-10-17,2.872
2018-10-18,2.89
2018-10-19,2.883
2018-10-22,2.903
2018-10-23,2.911
2018-10-24,2.88
2018-10-25,2.88
2018-10-26,2.857
2018-10-29,2.857
2018-10-30,2.849
2018-10-31,2.837
2018-11-01,2.817
2018-11-02,2.813
2018-11-03,2.79
2018-11-04,2.79
2018-11-05,2.798
2018-11-06,2.78
2018-11-07,2.756
2018-11-08,2.718
2018-11-09,2.688
2018-11-12,2.6630000000000003
2018-11-13,2.617
2018-11-14,2.597
2018-11-15,2.5380000000000003
2018-11-16,2.525
2018-11-19,2.7060000000000004
2018-11-20,2.725
2018-11-21,2.7
2018-11-22,2.694
2018-11-23,2.667
2018-11-26,2.6860000000000004
2018-11-27,2.6860000000000004
2018-11-28,2.66
2018-11-29,2.6460000000000004
2018-11-30,2.645
2018-12-03,2.65
2018-12-04,2.6630000000000003
2018-12-05,2.639
2018-12-06,2.616
2018-12-07,2.614
2018-12-10,2.616
2018-12-11,2.6460000000000004
2018-12-12,2.636
2018-12-13,2.6180000000000003
2018-12-14,2.6180000000000003
2018-12-17,2.634
2018-12-18,2.619
2018-12-19,2.627
2018-12-20,2.821
2018-12-21,2.842
2018-12-24,2.651
2018-12-25,2.651
2018-12-26,2.667
2018-12-27,2.63
2018-12-28,2.575
2019-01-02,2.48
2019-01-03,2.4090000000000003
2019-01-04,2.41
2019-01-07,2.377
2019-01-08,2.314
2019-01-09,2.273
2019-01-10,2.279
2019-01-11,2.268
2019-01-14,2.447
2019-01-15,2.454
2019-01-16,2.4530000000000003
2019-01-17,2.44
2019-01-18,2.427
2019-01-21,2.46
2019-01-22,2.455
2019-01-23,2.44
2019-01-24,2.448
2019-01-25,2.432
2019-01-28,2.42
2019-01-29,2.428
2019-01-30,2.4130000000000003
2019-01-31,2.415
2019-02-01,2.38
2019-02-02,2.385
2019-02-11,2.35
2019-02-12,2.351
2019-02-13,2.344
2019-02-14,2.32
2019-02-15,2.335
2019-02-18,2.293
2019-02-19,2.312
2019-02-20,2.3080000000000003
2019-02-21,2.327
2019-02-22,2.333
2019-02-25,2.36
2019-02-26,2.367
2019-02-27,2.418
2019-02-28,2.4090000000000003
2019-03-01,2.4330000000000003
2019-03-04,2.427
2019-03-05,2.461
2019-03-06,2.457
2019-03-07,2.415
2019-03-08,2.44
2019-03-11,2.43
2019-03-12,2.415
2019-03-13,2.426
2019-03-14,2.4330000000000003
2019-03-15,2.407
2019-03-18,2.42
2019-03-19,2.427
2019-03-20,2.427
2019-03-21,2.422
2019-03-22,2.415
2019-03-25,2.419
2019-03-26,2.419
2019-03-27,2.4290000000000003
2019-03-28,2.397
2019-03-29,2.399
2019-04-01,2.393
2019-04-02,2.39
2019-04-03,2.437
2019-04-04,2.415
2019-04-08,2.443
2019-04-09,2.39
2019-04-10,2.417
2019-04-11,2.417
2019-04-12,2.437
2019-04-15,2.49
2019-04-16,2.505
2019-04-17,2.54
2019-04-18,2.7
2019-04-19,2.6830000000000003
2019-04-22,2.694
2019-04-23,2.705
2019-04-24,2.69
2019-04-25,2.693
2019-04-26,2.69
2019-04-28,2.66
2019-04-29,2.664
2019-04-30,2.685
2019-05-06,2.635
2019-05-07,2.63
2019-05-08,2.607
2019-05-09,2.62
2019-05-10,2.628
2019-05-13,2.612
2019-05-14,2.617
2019-05-15,2.62
2019-05-16,2.628
2019-05-17,2.62
2019-05-20,2.593
2019-05-21,2.593
2019-05-22,2.615
2019-05-23,2.6
2019-05-24,2.613
2019-05-27,2.5860000000000003
2019-05-28,2.622
2019-05-29,2.614
2019-05-30,2.619
2019-05-31,2.567
2019-06-03,2.5860000000000003
2019-06-04,2.587
2019-06-05,2.54
2019-06-06,2.547
2019-06-10,2.545
2019-06-11,2.537
2019-06-12,2.55
2019-06-13,2.552
2019-06-14,2.531
2019-06-17,2.61
2019-06-18,2.627
2019-06-19,2.56
2019-06-20,2.542
2019-06-21,2.648
2019-06-24,2.654
2019-06-25,2.654
2019-06-26,2.635
2019-06-27,2.636
2019-06-28,2.654
2019-07-01,2.645
2019-07-02,2.631
2019-07-03,2.624
2019-07-04,2.583
2019-07-05,2.58
2019-07-08,2.58
2019-07-09,2.59
2019-07-10,2.593
2019-07-11,2.577
2019-07-12,2.604
2019-07-15,2.6
2019-07-16,2.613
2019-07-17,2.611
2019-07-18,2.627
2019-07-19,2.633
2019-07-22,2.612
2019-07-23,2.617
2019-07-24,2.602
2019-07-25,2.611
2019-07-26,2.599
2019-07-29,2.602
2019-07-30,2.596
2019-07-31,2.587
2019-08-01,2.588
2019-08-02,2.574
2019-08-05,2.591
2019-08-06,2.5660000000000003
2019-08-07,2.552
2019-08-08,2.54
2019-08-09,2.545
2019-08-12,2.501
2019-08-13,2.513
2019-08-14,2.532
2019-08-15,2.533
2019-08-16,2.529
2019-08-19,2.547
2019-08-20,2.562
2019-08-21,2.563
2019-08-22,2.553
2019-08-23,2.547
2019-08-26,2.539
2019-08-27,2.524
2019-08-28,2.526
2019-08-29,2.555
2019-08-30,2.537
2019-09-02,2.549
2019-09-03,2.5340000000000003
2019-09-04,2.597
2019-09-05,2.5980000000000003
2019-09-06,2.58
2019-09-09,2.624
2019-09-10,2.61
2019-09-12,2.56
2019-09-16,2.545
2019-09-17,2.545
2019-09-18,2.54
2019-09-19,2.522
2019-09-20,2.529
2019-09-23,2.65
2019-09-24,2.64
2019-09-25,2.674
2019-09-26,2.654
2019-09-27,2.65
2019-09-30,2.67
2019-10-08,2.66
2019-10-09,2.657
2019-10-10,2.6630000000000003
2019-10-11,2.648
2019-10-14,2.653
2019-10-15,2.673
2019-10-16,2.6910000000000003
2019-10-17,2.679
2019-10-18,2.68
2019-10-21,2.6830000000000003
2019-10-22,2.697
2019-10-23,2.705
2019-10-24,2.709
2019-10-25,2.72
2019-10-28,2.69
2019-10-29,2.695
2019-10-30,2.7
2019-10-31,2.72
2019-11-01,2.7430000000000003
2019-11-04,2.7230000000000003
2019-11-05,2.775
2019-11-06,2.725
2019-11-07,2.727
2019-11-08,2.7260000000000004
2019-11-11,2.7
2019-11-12,2.705
2019-11-13,2.73
2019-11-14,2.745
2019-11-15,2.748
2019-11-18,2.73
2019-11-19,2.745
2019-11-20,2.713
2019-11-21,2.655
2019-11-22,2.67
2019-11-25,2.693
2019-11-26,2.688
2019-11-27,2.695
2019-11-28,2.677
2019-11-29,2.68
2019-12-02,2.7
2019-12-03,2.69
2019-12-04,2.673
2019-12-05,2.6830000000000003
2019-12-06,2.673
2019-12-09,2.74
2019-12-10,2.717
2019-12-11,2.745
2019-12-12,2.685
2019-12-13,2.71
2019-12-16,2.7030000000000003
2019-12-17,2.71
2019-12-18,2.6830000000000003
2019-12-19,2.6830000000000003
2019-12-20,2.67
2019-12-23,2.66
2019-12-24,2.58
2019-12-25,2.568
2019-12-26,2.46
2019-12-27,2.487
2019-12-30,2.44
2020-01-02,2.445
2020-01-03,2.48
2020-01-06,2.4730000000000003
2020-01-07,2.475
2020-01-08,2.423
2020-01-09,2.45
2020-01-10,2.442
2020-01-13,2.4330000000000003
2020-01-14,2.423
2020-01-15,2.42
2020-01-16,2.407
2020-01-17,2.4130000000000003
2020-01-20,2.395
2020-01-21,2.37
2020-01-22,2.347
2020-01-23,2.29
2020-02-04,2.23
2020-02-05,2.238
2020-02-06,2.206
2020-02-07,2.2
2020-02-10,2.158
2020-02-11,2.14
2020-02-12,2.146
2020-02-13,2.135
2020-02-14,2.16
2020-02-17,2.186
2020-02-18,2.12
2020-02-19,2.125
2020-02-20,2.138
2020-02-21,2.11
2020-02-24,2.09
2020-02-25,2.067
2020-02-26,2.0780000000000003
2020-02-27,2.085
2020-02-28,2.076
2020-03-02,2.069
2020-03-03,2.076
2020-03-04,2.077
2020-03-05,2.07
2020-03-06,2.062
2020-03-09,1.986
2020-03-10,2.095
2020-03-11,2.083
2020-03-12,2.082
2020-03-13,2.048
2020-03-16,2.067
2020-03-17,2.04
2020-03-18,2.075
2020-03-19,1.975
2020-03-20,1.987
2020-03-23,1.972
2020-03-24,1.935
2020-03-25,1.94
2020-03-26,1.773
2020-03-27,1.807
2020-03-30,1.82
2020-04-01,1.725
2020-04-02,1.72
2020-04-03,1.55
2020-04-07,1.5
2020-04-08,1.3
2020-04-09,1.197
2020-04-10,1.193
2020-04-13,1.21
2020-04-14,1.263
2020-04-15,1.195
2020-04-16,1.22
2020-04-17,1.2
2020-04-20,1.21
2020-04-21,1.22
2020-04-22,1.205
2020-04-23,1.157
2020-04-24,1.165
2020-04-26,1.157
2020-04-27,1.166
2020-04-28,1.158
2020-04-29,1.156
2020-04-30,1.143
2020-05-04,1.14
2020-05-06,1.188
2020-05-07,1.185
2020-05-08,1.218
2020-05-09,1.1909999999999998
2020-05-11,1.233
2020-05-12,1.26
2020-05-13,1.23
2020-05-14,1.26
2020-05-15,1.23
2020-05-18,1.4
2020-05-19,1.42
2020-05-20,1.442
2020-05-21,1.459
2020-05-22,1.5
2020-05-25,1.5
2020-05-27,1.56
2020-05-28,1.584
2020-05-29,1.611
2020-06-01,1.65
2020-06-02,1.64
2020-06-03,1.72
2020-06-04,1.72
2020-06-08,2.094
2020-06-09,2.11
2020-06-10,2.095
2020-06-11,2.08
2020-06-17,2.133
2020-06-18,2.15
2020-06-22,2.17
2020-06-23,2.25
2020-06-24,2.28
2020-06-28,2.105
2020-06-29,2.165
2020-06-30,2.16
2020-07-01,2.19
2020-07-02,2.16
2020-07-03,2.13
2020-07-06,2.15
2020-07-08,2.169
2020-07-09,2.21
2020-07-10,2.195
2020-07-11,2.23
2020-07-13,2.25
2020-07-14,2.24
2020-07-15,2.295
2020-07-16,2.28
2020-07-17,2.3
2020-07-20,2.248
2020-07-21,2.253
2020-07-22,2.253
2020-07-23,2.287
2020-07-24,2.27
2020-07-27,2.295
2020-07-28,2.317
2020-07-29,2.303
2020-07-30,2.27
2020-07-31,2.273
2020-08-03,2.32
2020-08-04,2.28
2020-08-05,2.34
2020-08-06,2.31
2020-08-07,2.37
2020-08-10,2.33
2020-08-11,2.3
2020-08-12,2.317
2020-08-13,2.373
2020-08-14,2.356
2020-08-17,2.385
2020-08-18,2.363
2020-08-19,2.412
2020-08-20,2.55
2020-08-21,2.457
2020-08-24,2.497
2020-08-25,2.488
2020-08-26,2.472
2020-08-27,2.4730000000000003
2020-08-28,2.48
2020-08-31,2.503
2020-09-01,2.505
2020-09-02,2.546
2020-09-03,2.537
2020-09-04,2.537
2020-09-05,2.512
2020-09-07,2.5780000000000003
2020-09-08,2.567
2020-09-09,2.6180000000000003
2020-09-10,2.575
2020-09-11,2.55
2020-09-14,2.62
2020-09-15,2.63
2020-09-16,2.62
2020-09-17,2.617
2020-09-18,2.627
2020-09-21,2.644
2020-09-22,2.6260000000000003
2020-09-23,2.6010000000000004
2020-09-24,2.588
2020-09-25,2.616
2020-09-27,2.6
2020-09-28,2.617
2020-09-29,2.627
2020-09-30,2.61
2020-10-09,2.627
2020-10-10,2.5860000000000003
2020-10-12,2.652
2020-10-13,2.62
2020-10-14,2.6460000000000004
2020-10-15,2.649
2020-10-16,2.66
2020-10-19,2.659
2020-10-20,2.66
2020-10-21,2.675
2020-10-22,2.63
2020-10-23,2.651
2020-10-26,2.653
2020-10-27,2.682
2020-10-28,2.708
2020-10-29,2.72
2020-10-30,2.74
2020-11-02,2.748
2020-11-03,2.755
2020-11-04,2.72
2020-11-05,2.735
2020-11-06,2.7510000000000003
2020-11-09,2.773
2020-11-10,2.778
2020-11-11,2.807
2020-11-12,2.809
2020-11-13,2.833
2020-11-16,2.977
2020-11-17,2.952
2020-11-18,3.0
2020-11-19,3.028
2020-11-20,3.05
2020-11-23,3.05
2020-11-24,3.05
2020-11-25,3.04
2020-11-26,3.045
2020-11-27,3.06
2020-11-30,3.08
2020-12-01,3.026
2020-12-02,3.008
2020-12-03,3.04
2020-12-04,3.017
2020-12-07,3.023
2020-12-08,3.012
2020-12-09,3.03
2020-12-10,2.97
2020-12-11,3.007
2020-12-14,2.975
2020-12-15,2.946
2020-12-16,2.887
2020-12-17,2.908
2020-12-18,2.888
2020-12-21,2.897
2020-12-22,2.859
2020-12-23,2.847
2020-12-24,2.8560000000000003
2020-12-25,2.818
2020-12-28,2.758
2020-12-29,2.7430000000000003
2020-12-30,2.728
2020-12-31,2.7
2021-01-04,2.676
2021-01-05,2.682
2021-01-06,2.623
2021-01-07,2.517
2021-01-08,2.502
2021-01-11,2.487
2021-01-12,2.45
2021-01-13,2.365
2021-01-14,2.398
2021-01-15,2.4330000000000003
2021-01-18,2.543
2021-01-19,2.57
2021-01-20,2.574
2021-01-21,2.57
2021-01-22,2.593
2021-01-25,2.573
2021-01-26,2.634
2021-01-27,2.707
2021-01-28,2.749
2021-01-29,2.83
2021-02-01,2.74
2021-02-02,2.713
2021-02-03,2.742
2021-02-04,2.76
2021-02-05,2.8
2021-02-07,2.75
2021-02-08,2.799
2021-02-09,2.809
2021-02-10,2.768
2021-02-18,2.815
2021-02-19,2.73
2021-02-20,2.701
2021-02-22,2.739
2021-02-23,2.695
2021-02-24,2.637
2021-02-25,2.6630000000000003
2021-02-26,2.697
